Month,-0.5,0,0.5,1,1.5,2.5,3.5,5.5,7.5,9,Zero_Crossing_Depth
2009-08,6.4430124223602485,5.383540372670807,3.882453416149068,2.413385093167702,-0.22509316770186336,-2.1845962732919255,-2.7760248447204967,-2.8951552795031055,-2.870186335403727,-2.8591925465838512,1.4573441306983368
2009-09,1.61375,1.1603472222222222,1.3130694444444446,0.980638888888889,-0.21386111111111109,-1.9317361111111109,-2.599111111111111,-2.87075,-2.871583333333333,-2.868,1.4104809078647504
2009-10,-5.618317631224764,-4.617146702557201,-1.7960834454912518,-0.44222072678331087,-0.34388963660834454,-1.6984387617765815,-2.438263795423957,-2.827362045760431,-2.8703230148048453,-2.869273216689098,
2009-11,-5.066375,-5.310569444444445,-4.196305555555556,-2.403680555555556,-1.0288194444444445,-1.6079166666666667,-2.32425,-2.7758333333333334,-2.855083333333333,-2.8502500000000004,
2009-12,-7.2679569892473115,-7.426290322580645,-5.9961424731182795,-4.108252688172043,-2.412956989247312,-1.8048790322580643,-2.253467741935484,-2.7184811827956987,-2.814032258064516,-2.8186290322580643,
2010-01,-9.519596774193548,-9.681612903225806,-9.293051075268817,-7.568991935483871,-5.136881720430107,-2.6723790322580645,-2.315685483870968,-2.6638978494623657,-2.7794892473118282,-2.806935483870968,
2010-02,-14.689062499999999,-14.932752976190475,-12.56206845238095,-9.595059523809525,-6.425833333333333,-3.7828869047619045,-2.7058779761904765,-2.6258035714285715,-2.7547321428571427,-2.790625,
2010-03,-15.719757738896368,-16.90449528936743,-15.639515477792733,-13.292139973082099,-9.936985195154778,-5.7497711978465675,-3.4916016150740243,-2.625006729475101,-2.748021534320323,-2.7580619111709286,
2010-04,-3.9503477051460365,-8.526036161335188,-9.716105702364395,-9.835938803894297,-9.19164116828929,-6.913713490959666,-4.584881780250347,-2.7019471488178026,-2.744881780250348,-2.7251738525730183,
2010-05,5.6026612903225805,1.4371639784946237,-3.0725268817204303,-4.711263440860215,-6.063145161290322,-6.125537634408602,-4.906505376344086,-2.939489247311828,-2.8239516129032256,-2.7512634408602152,0.1593417401593343
2010-06,9.380194444444443,7.419111111111111,2.357625,-0.765888888888889,-2.940513888888889,-4.505736111111111,-4.456111111111111,-3.198236111111111,-2.997819444444444,-2.846916666666667,0.8773994744167226
2010-07,9.595510752688172,8.490456989247312,5.483629032258064,2.5823655913978496,-0.9066397849462365,-3.2363575268817204,-3.794717741935484,-3.3111290322580644,-3.154475806451613,-2.977338709677419,1.3700718847994082
2010-08,6.5737499999999995,5.447258064516129,3.858911290322581,2.400510752688172,-0.22377688172043012,-2.4331182795698925,-3.2549327956989247,-3.2989516129032257,-3.244233870967742,-3.0770967741935484,1.4573642616787965
2010-09,1.5798611111111112,1.0125694444444444,0.8457500000000001,0.6468194444444445,-0.23206944444444444,-2.0402222222222224,-2.8958333333333335,-3.222263888888889,-3.2500555555555555,-3.1225833333333335,1.3679756637168141
2010-10,-4.969422043010753,-3.5956720430107523,-0.8617338709677419,-0.10452956989247311,-0.30733870967741933,-1.8405645161290325,-2.672204301075269,-3.140967741935484,-3.2188575268817203,-3.1267741935483873,
2010-11,-14.392541666666666,-11.105875,-6.0828750000000005,-2.928833333333334,-0.9540277777777777,-1.722875,-2.5339722222222223,-3.0661666666666667,-3.1657083333333333,-3.121,
2010-12,-13.11657258064516,-11.301236559139783,-8.206370967741936,-5.932002688172043,-3.5204569892473114,-2.032379032258065,-2.4373655913978496,-2.9716397849462366,-3.1058870967741936,-3.0823387096774195,
2011-01,-16.13821582733813,-13.680273381294963,-10.30778417266187,-7.993035971223021,-5.546460431654676,-3.1267338129496403,-2.5815971223021585,-2.9041007194244606,-3.053179856115108,-3.048,
2011-02,,,,,,,,,,,
2011-03,-19.15342857142857,-15.920285714285715,-11.164285714285715,-8.635714285714286,-6.674857142857143,-5.037714285714285,-3.8700000000000006,-2.87,-2.932,-2.93,
2011-04,-3.0851805555555556,-7.182722222222221,-8.234708333333334,-7.924680555555555,-6.964652777777778,-5.30375,-4.038638888888889,-2.9367083333333337,-2.948958333333333,-2.9305,
2011-05,3.8349327956989248,0.35704301075268813,-2.020040322580645,-3.079327956989247,-4.172365591397849,-4.697016129032258,-4.153225806451613,-3.0833870967741936,-3.0238306451612904,-2.978346774193548,0.0751010714992508
2011-06,10.166328233657858,8.014728789986092,2.02029207232267,-0.7917385257301808,-2.422837273991655,-3.6558970792767735,-3.770751043115438,-3.181557719054242,-3.1004728789986093,-3.0305424200278166,0.8592229888468481
2011-07,10.330174731182796,9.402540322580645,5.8391801075268805,2.6490456989247315,-0.8075940860215054,-2.8225268817204303,-3.357177419354839,-3.197688172043011,-3.1625806451612903,-3.077661290322581,1.3831822034886887
2011-08,8.22127688172043,7.526451612903227,5.464381720430108,3.4804032258064517,-0.013131720430107525,-2.2038172043010755,-2.974018817204301,-3.1615456989247313,-3.178225806451613,-3.115403225806452,1.4981205683309031
2011-09,2.9093888888888886,2.8279305555555556,2.709083333333333,2.1298472222222222,0.3232083333333333,-1.8220694444444445,-2.6717500000000003,-3.0939166666666664,-3.14725,-3.114833333333334,1.6506603651430791
2011-10,-5.2755795148247975,-4.2005525606469005,-1.3387735849056603,-0.1718867924528302,-0.12873315363881402,-1.5361185983827492,-2.4319137466307277,-3.0206738544474394,-3.1064150943396225,-3.0818328840970355,
2011-11,-8.314458333333333,-7.500097222222222,-4.748708333333334,-2.233236111111111,-0.6294722222222222,-1.4228333333333334,-2.3115,-2.931625,-3.0398611111111107,-3.0556666666666668,
2011-12,-9.278763440860214,-9.392190860215054,-7.6513844086021505,-5.422002688172043,-2.918158602150538,-1.6664784946236557,-2.2436827956989247,-2.859193548387097,-2.992997311827957,-3.0078629032258064,
2012-01,-5.6342607526881725,-6.5962499999999995,-7.5592876344086015,-6.5250134408602145,-4.599475806451613,-2.576344086021505,-2.299220430107527,-2.788629032258065,-2.926599462365592,-2.951827956989247,
2012-02,-8.371738505747127,-7.405186781609196,-6.092859195402299,-5.128692528735632,-4.173922413793104,-3.181522988505747,-2.6014367816091957,-2.7410488505747126,-2.885258620689655,-2.9145689655172418,
2012-03,-6.788990578734859,-7.597537012113055,-7.3230282637954245,-6.438681022880215,-5.122584118438762,-3.660767160161508,-2.8989098250336474,-2.6969582772543745,-2.854495289367429,-2.870242261103634,
2012-04,-10.46064367816092,-11.617609195402299,-10.256252873563218,-8.411954022988505,-6.264758620689656,-4.191954022988506,-3.1696321839080457,-2.7195862068965515,-2.8247586206896553,-2.8535862068965514,
2012-05,2.949669211195929,0.744351145038168,-2.0937150127226465,-3.3329770992366416,-4.363486005089058,-4.490458015267175,-3.736641221374046,-2.7967175572519087,-2.836259541984733,-2.817328244274809,0.1311370319896715
2012-06,7.855472222222222,6.789361111111111,1.42475,-1.0322916666666666,-2.7000277777777777,-3.7610555555555556,-3.611944444444444,-2.871833333333334,-2.873083333333333,-2.8360833333333333,0.7899319981685292
2012-07,8.880913978494624,8.488870967741935,5.261424731182796,2.196706989247312,-0.7994489247311828,-2.8183467741935484,-3.2534543010752692,-2.9488306451612907,-2.938387096774194,-2.87741935483871,1.3665875629166404
2012-08,5.9722849462365595,5.669623655913978,4.3140053763440855,2.886411290322581,0.17834677419354839,-2.1221639784946236,-2.879529569892473,-2.974314516129032,-2.99763440860215,-2.9264112903225805,1.5775248600708118
2012-09,1.75663421418637,1.8043810848400554,1.926356050069541,1.500653685674548,0.2101529902642559,-1.7466620305980527,-2.6036300417246174,-2.9325312934631436,-3.0,-2.9357162726008346,1.6073954298304844
2012-10,-5.721397849462366,-4.293790322580645,-1.0326881720430108,-0.15080645161290324,-0.16826612903225807,-1.5262231182795698,-2.4233064516129033,-2.8870967741935485,-2.9949193548387094,-2.9395967741935483,
2012-11,-10.437791666666667,-9.333291666666668,-5.938958333333334,-2.708972222222222,-0.6679305555555556,-1.4110138888888888,-2.291,-2.837833333333333,-2.9415694444444447,-2.931666666666667,
2012-12,-10.844327956989249,-9.720228494623655,-7.813212365591397,-5.899637096774193,-3.412567204301075,-1.7748118279569893,-2.2031451612903226,-2.7790188172043013,-2.900564516129032,-2.9150806451612907,
2013-01,-10.921881720430108,-8.718817204301075,-6.77260752688172,-5.5633198924731175,-4.178091397849462,-2.6643413978494626,-2.3098924731182793,-2.707190860215054,-2.8629838709677418,-2.871451612903226,
2013-02,-13.833601190476191,-11.37639880952381,-8.653199404761905,-6.96608630952381,-5.194375,-3.396026785714286,-2.6075892857142855,-2.6766071428571427,-2.816160714285714,-2.845446428571429,
2013-03,-15.689407806191117,-14.123472409152086,-11.47293405114401,-9.368183041722746,-6.85707940780619,-4.289973082099596,-3.030740242261104,-2.6611036339165546,-2.7923956931359353,-2.8133916554508747,
2013-04,-8.265513888888888,-11.207416666666667,-10.558027777777777,-9.475583333333333,-7.750722222222222,-5.331986111111111,-3.635166666666667,-2.6769444444444446,-2.7605833333333334,-2.78275,
2013-05,1.7859274193548387,-3.3894354838709675,-5.186774193548387,-5.838333333333334,-6.061841397849463,-5.346720430107527,-4.08358870967742,-2.7692338709677418,-2.7846639784946237,-2.7606451612903227,
2013-06,5.271013888888889,3.299847222222222,-0.9392777777777778,-2.3253333333333335,-3.559944444444444,-4.332624999999999,-3.9784861111111107,-2.9255138888888887,-2.8572500000000005,-2.805,0.38921324827909326
2013-07,7.919690860215054,7.203413978494624,3.760873655913979,0.5745295698924731,-1.7373924731182797,-3.2881586021505376,-3.5520430107526884,-3.036693548387097,-2.9532123655913978,-2.8628225806451613,1.124253664095066
2013-08,6.491465053763441,6.078158602150537,4.526572580645161,2.7170967741935486,-0.2456182795698925,-2.421680107526882,-3.1044220430107528,-3.0591935483870967,-3.0182258064516128,-2.9246505376344087,1.4585484470978922
2013-09,2.553236111111111,2.232638888888889,1.9529583333333336,1.509513888888889,0.03666666666666667,-1.9106666666666667,-2.748791666666667,-3.020638888888889,-3.0478333333333336,-2.95625,1.5188291680931187
2013-10,-8.349677419354839,-5.640779569892473,-1.6019354838709676,-0.3262231182795699,-0.19294354838709676,-1.6534005376344088,-2.520040322580645,-2.97111559139785,-3.0281451612903227,-2.9901209677419356,
2013-11,-11.166805555555555,-8.474652777777777,-4.057791666666667,-1.9394722222222223,-0.7567083333333334,-1.53875,-2.3699166666666667,-2.9017500000000003,-2.9973750000000003,-2.968986111111111,
2013-12,-11.418790322580644,-10.994852150537634,-8.776142473118279,-6.263373655913978,-3.3753763440860216,-1.8556451612903229,-2.2882258064516128,-2.8318548387096776,-2.941881720430108,-2.936545698924731,
2014-01,-6.906008064516128,-6.886747311827957,-6.552499999999999,-5.875120967741935,-4.546626344086022,-2.834247311827957,-2.3854032258064515,-2.7649462365591395,-2.885403225806452,-2.8870161290322582,
2014-02,-5.193502235469449,-5.228569299552906,-4.525737704918033,-4.147481371087928,-3.736065573770492,-3.1759761549925485,-2.6771236959761553,-2.693561847988078,-2.8376304023845007,-2.8471087928464978,
2014-03,-9.721684636118598,-6.61455525606469,-5.540822102425876,-4.834555256064689,-4.004582210242588,-3.2800539083557956,-2.8438005390835577,-2.6849056603773587,-2.8110512129380054,-2.8204312668463616,
2014-04,-9.806583333333332,-6.627138888888889,-5.673388888888889,-5.075222222222222,-4.29725,-3.5007777777777775,-2.977638888888889,-2.684763888888889,-2.7969999999999997,-2.8032500000000002,
2014-05,-3.3391532258064514,-4.239798387096774,-4.713118279569892,-4.62994623655914,-4.25369623655914,-3.655483870967742,-3.1087903225806452,-2.684045698924731,-2.769032258064516,-2.7640322580645162,
2014-06,4.577569444444444,0.2152361111111111,-1.70325,-2.4679722222222225,-3.123305555555556,-3.4105972222222225,-3.157833333333334,-2.7274444444444446,-2.7816666666666667,-2.7533333333333334,0.05609530083761067
2014-07,7.09616935483871,6.013373655913978,1.4572849462365591,-0.7610752688172043,-1.9835080645161292,-2.8608333333333333,-2.9989112903225807,-2.7516935483870966,-2.8070967741935484,-2.7605645161290324,0.8284599445003211
2014-08,6.428091397849462,5.862459677419355,3.8498790322580643,1.8423387096774193,-0.7044354838709678,-2.305994623655914,-2.766518817204301,-2.753709677419355,-2.81008064516129,-2.7783064516129032,1.361700443318556
2014-09,-0.28491666666666665,-0.052944444444444454,0.7342222222222222,0.5660694444444444,-0.23490277777777777,-1.8686805555555557,-2.5511944444444445,-2.751916666666667,-2.811,-2.8004166666666666,0.03362975509916014
2014-10,-3.6719220430107526,-2.818185483870968,-0.6162365591397849,-0.16951612903225804,-0.2908064516129032,-1.6275403225806453,-2.3793413978494624,-2.721962365591398,-2.809354838709677,-2.7908064516129034,
2014-11,-8.541777777777778,-7.2816527777777775,-3.8130555555555556,-1.5557222222222225,-0.6679861111111111,-1.4988472222222222,-2.2619861111111113,-2.6798333333333333,-2.7904166666666668,-2.782916666666667,
2014-12,-11.083709677419355,-10.658279569892473,-7.679193548387096,-4.905658602150537,-2.5100537634408604,-1.6641532258064518,-2.175416666666667,-2.635967741935484,-2.7528629032258065,-2.760067204301075,
2015-01,-8.059543010752689,-8.560282258064516,-8.083844086021506,-6.642379032258065,-4.74404569892473,-2.567513440860215,-2.2163844086021505,-2.5857258064516127,-2.7195161290322583,-2.7360752688172045,
2015-02,-15.426666666666666,-14.643541666666666,-12.322604166666665,-9.599285714285715,-6.638690476190476,-3.768065476190476,-2.5699107142857143,-2.5598214285714285,-2.6824404761904765,-2.7163690476190476,
2015-03,-7.6432974427994615,-8.426514131897711,-8.812166890982503,-8.193149394347241,-6.93792732166891,-4.837254374158816,-3.221251682368775,-2.5402960969044415,-2.653755047106326,-2.6746433378196506,
2015-04,-6.796940194714882,-7.220375521557719,-7.380180806675938,-7.1317941585535465,-6.517969401947149,-5.114242002781641,-3.70538247566064,-2.581863699582754,-2.6390264255910987,-2.655132127955494,
2015-05,-1.4411424731182796,-2.782701612903226,-4.39758064516129,-5.034905913978494,-5.254489247311828,-4.809206989247311,-3.8757258064516127,-2.688978494623656,-2.6800537634408603,-2.662903225806452,
2015-06,4.163583333333333,3.6905694444444443,0.08951388888888889,-1.7957500000000002,-3.0810000000000004,-3.947097222222222,-3.723027777777778,-2.8120833333333333,-2.7555972222222223,-2.686291666666667,0.5237404135878414
2015-07,8.046532258064516,7.9813575268817205,5.133158602150537,1.7757526881720431,-1.2224865591397849,-2.980040322580645,-3.3232123655913983,-2.88491935483871,-2.8322580645161293,-2.747768817204301,1.2961325867780822
2015-08,6.721330645161291,6.714422043010752,5.654946236559139,3.50364247311828,-0.0671774193548387,-2.2106854838709675,-2.9095161290322578,-2.9036290322580647,-2.8770967741935483,-2.8028225806451617,1.4905935581494265
2015-09,1.7476470588235296,1.974705882352941,3.047058823529412,2.3523529411764708,0.1623529411764706,-1.9423529411764704,-2.7335294117647058,-2.9017647058823535,-2.905294117647059,-2.8241176470588236,1.577138065958636
2015-10,,,,,,,,,,,
2015-11,,,,,,,,,,,
2015-12,,,,,,,,,,,
2016-01,,,,,,,,,,,
2016-02,,,,,,,,,,,
2016-03,,,,,,,,,,,
2016-04,,,,,,,,,,,
2016-05,,,,,,,,,,,
2016-06,,,,,,,,,,,
2016-07,8.499043887147335,8.489042386185243,7.314028213166145,4.6362539184952976,0.3493573667711599,-2.210266457680251,-2.8430564263322884,-2.7307993730407523,-2.5979780564263324,-2.603448275862069,1.636487777396757
2016-08,4.683485868102288,4.607940780619112,4.491049798115747,3.5833916554508747,1.193606998654105,-1.592328398384926,-2.4778465679676986,-2.6966756393001345,-2.6424495289367433,-2.6344549125168237,1.92844030049035
2016-09,2.800875,2.6332222222222224,1.996138888888889,1.5614999999999999,0.5945972222222222,-1.2955,-2.2136666666666667,-2.661,-2.6623333333333337,-2.668416666666667,1.814585522496638
2016-10,1.344220430107527,1.2358467741935484,0.913225806451613,0.813521505376344,0.31934139784946236,-1.1025806451612903,-2.0393145161290325,-2.608467741935484,-2.638467741935484,-2.6751612903225808,1.7245843219177435
2016-11,-2.9092361111111114,-2.970097222222222,-0.8876388888888889,-0.09208333333333332,-0.0649861111111111,-0.9800833333333333,-1.8919166666666667,-2.5578333333333334,-2.6215833333333336,-2.6665,
2016-12,-8.168750000000001,-8.309448924731182,-6.1832795698924725,-3.3826209677419357,-1.0770430107526883,-0.9370564516129033,-1.7928225806451614,-2.5045430107526885,-2.6045967741935487,-2.637983870967742,
2017-01,-13.589206989247312,-13.561182795698926,-10.496155913978495,-7.25497311827957,-4.003709677419354,-1.5596102150537636,-1.796209677419355,-2.4399731182795703,-2.5562903225806455,-2.6205645161290323,
2017-02,-9.207098214285715,-9.669538690476191,-9.522380952380953,-7.929598214285714,-5.715922619047619,-2.913422619047619,-2.0073809523809523,-2.3870535714285714,-2.536517857142857,-2.5923214285714287,
2017-03,-13.275127860026918,-13.536339165545087,-12.929071332436068,-11.00878869448183,-8.046110363391655,-4.307967698519516,-2.565733512786003,-2.369676985195155,-2.501251682368775,-2.5634724091520864,
2017-04,-9.645,-9.851305555555555,-10.535777777777778,-10.415694444444444,-8.941319444444444,-5.9090694444444445,-3.536222222222222,-2.3713333333333333,-2.4871666666666665,-2.5469999999999997,
2017-05,-3.5431182795698923,-3.8154435483870968,-3.400255376344086,-4.179341397849462,-5.13244623655914,-5.272311827956989,-4.083709677419354,-2.4802284946236557,-2.491451612903226,-2.520725806451613,
2017-06,4.1851666666666665,3.8160555555555553,1.4178333333333333,-1.0444305555555555,-2.684541666666667,-3.9364583333333334,-3.7594583333333333,-2.6444027777777777,-2.5454166666666667,-2.54175,0.7879125466062735
2017-07,6.498719676549865,6.348948787061994,4.727964959568733,2.0924528301886793,-0.8379919137466306,-2.8213477088948786,-3.2486253369272236,-2.7486388140161724,-2.640700808625337,-2.585309973045822,1.3570196698844275
2017-08,4.694112903225807,4.608602150537634,4.301021505376344,3.0151478494623656,0.3998252688172043,-2.0063306451612903,-2.768212365591398,-2.7614516129032256,-2.7164112903225806,-2.6516129032258067,1.6661676479460166
2017-09,3.9982499999999996,3.6022361111111114,2.4238472222222223,1.7006111111111113,0.3807361111111111,-1.5629166666666665,-2.416,-2.7319999999999998,-2.7488333333333332,-2.6799861111111114,1.695886896807986
2017-10,-0.6232795698924731,-0.500510752688172,0.4054301075268817,0.4980779569892473,0.07870967741935485,-1.3121639784946237,-2.1812500000000004,-2.671155913978495,-2.7399327956989246,-2.6868682795698926,0.27623809382510905
2017-11,-6.399874826147427,-6.126244784422809,-3.4429902642559105,-1.1604172461752433,-0.20579972183588316,-1.1672461752433936,-2.0224756606397776,-2.6154937413073713,-2.6925591098748263,-2.6836161335187763,
2017-12,-7.955174731182796,-8.063857526881721,-6.843817204301075,-4.73747311827957,-2.3367741935483872,-1.3471774193548387,-1.9244892473118278,-2.5561290322580645,-2.659516129032258,-2.6775940860215055,
2018-01,-7.2962231182795705,-7.874341397849463,-8.030954301075269,-6.5656586021505365,-4.5633602150537635,-2.4038306451612903,-2.0085887096774195,-2.4946505376344086,-2.617258064516129,-2.638145161290323,
2018-02,-7.001428571428572,-7.485877976190476,-7.339538690476191,-6.5277232142857144,-5.165758928571428,-3.320863095238095,-2.386056547619048,-2.431547619047619,-2.5663392857142857,-2.6143750000000003,
2018-03,-14.843014804845224,-15.1850067294751,-13.014993270524899,-10.208304172274563,-7.296702557200538,-4.2780753701211305,-2.885464333781965,-2.4298654104979813,-2.5490982503364736,-2.596823687752355,
2018-04,-9.868180555555556,-10.445124999999999,-10.820527777777777,-10.155597222222221,-8.719152777777778,-5.95048611111111,-3.7706527777777774,-2.4626388888888893,-2.5208333333333335,-2.56475,
2018-05,1.4718279569892472,0.41048387096774197,-2.547674731182796,-4.141505376344086,-5.381922043010753,-5.449811827956989,-4.296075268817204,-2.610268817204301,-2.548682795698925,-2.557822580645161,0.0693816536187962
2018-06,3.9468611111111107,3.799583333333333,1.43425,-0.8505277777777778,-2.532888888888889,-3.8569722222222222,-3.850444444444445,-2.812666666666667,-2.6446805555555555,-2.59125,0.8138707873364781
2018-07,6.404623655913978,6.166693548387096,4.391169354838709,1.9959408602150537,-0.7523252688172043,-2.769663978494624,-3.2685887096774193,-2.876209677419355,-2.764395161290323,-2.661962365591398,1.3631272894444688
2018-08,6.336653116531165,6.222682926829268,5.58609756097561,3.8449051490514905,0.6242276422764228,-1.9750271002710027,-2.7849322493224933,-2.860975609756098,-2.814878048780488,-2.7335094850948507,1.7401563925452888
2018-09,-1.0673611111111112,-0.5754722222222222,1.3594861111111112,1.3486944444444444,0.38783333333333336,-1.599625,-2.4758750000000003,-2.810416666666667,-2.8177499999999998,-2.7779166666666666,0.14870403468349158
2018-10,-3.0134811827956987,-2.8195967741935486,-1.142244623655914,-0.26178763440860214,-0.13766129032258065,-1.3420967741935483,-2.2447983870967745,-2.754771505376344,-2.8108064516129034,-2.7808870967741934,
2018-11,-5.656583333333333,-5.49725,-3.457638888888889,-1.5185694444444446,-0.41538888888888886,-1.2375694444444443,-2.091666666666667,-2.680305555555556,-2.77475,-2.7583333333333333,
2018-12,-8.161680107526882,-7.575389784946236,-5.577016129032258,-3.7614516129032256,-1.9130241935483872,-1.4038575268817204,-2.0058870967741935,-2.62,-2.7389112903225805,-2.7447983870967745,
2019-01,-11.943911290322582,-12.696693548387097,-10.993306451612902,-8.284717741935484,-4.819139784946237,-2.173991935483871,-2.028548387096774,-2.5572580645161294,-2.6802284946236563,-2.7030779569892474,
2019-02,-13.367366071428572,-13.361994047619048,-11.654642857142857,-9.69797619047619,-6.957514880952381,-3.7148214285714287,-2.3429761904761905,-2.504389880952381,-2.6324107142857143,-2.6739136904761907,
2019-03,-14.481873315363881,-14.415700808625338,-13.19667115902965,-11.493463611859838,-8.848530997304582,-5.333072776280323,-3.1258760107816714,-2.492735849056604,-2.6023719676549866,-2.6394070080862533,
2019-04,-4.696638888888889,-5.568944444444444,-6.973097222222222,-7.449638888888889,-7.288833333333334,-5.864347222222222,-3.9419999999999997,-2.5200416666666667,-2.5657500000000004,-2.5981666666666667,
2019-05,-2.3450672043010754,-2.602983870967742,-2.761612903225806,-3.4744220430107524,-4.335913978494624,-4.726814516129032,-4.014717741935484,-2.670766129032258,-2.61241935483871,-2.603467741935484,
2019-06,3.8041388888888887,3.5622083333333334,1.3383055555555556,-0.8875138888888888,-2.468638888888889,-3.6426250000000002,-3.6230277777777777,-2.8088333333333333,-2.7038194444444446,-2.642083333333334,0.8006321017852351
2019-07,8.34994623655914,8.108884408602151,5.724663978494624,2.6520564516129035,-0.6338978494623656,-2.7159005376344085,-3.178884408602151,-2.8695967741935484,-2.7903225806451615,-2.7078494623655915,1.403544329686062
2019-08,5.013593539703903,5.035760430686406,5.028667563930013,3.8479676985195153,1.114535666218035,-1.844293405114401,-2.7383580080753704,-2.866769851951548,-2.8463391655450874,-2.765087483176312,1.8766813287785262
2019-09,1.8778940027894004,1.7358158995815898,1.8515899581589956,1.5644769874476987,0.434002789400279,-1.5753556485355649,-2.451199442119944,-2.8115062761506278,-2.8587029288702928,-2.799205020920502,1.7159907267944279
2019-10,-5.838333333333334,-5.197204301075269,-1.964959677419355,-0.39288978494623655,-0.14470430107526883,-1.343225806451613,-2.2425,-2.756787634408602,-2.822016129032258,-2.8021774193548388,
2019-11,-8.79525,-8.666805555555555,-6.229444444444444,-3.585097222222222,-1.3341111111111112,-1.2920972222222222,-2.093916666666667,-2.690138888888889,-2.7990833333333334,-2.7726666666666664,
2019-12,-12.90893817204301,-13.174596774193548,-11.294569892473119,-8.237405913978495,-4.6822983870967745,-1.965739247311828,-2.063709677419355,-2.6286290322580648,-2.7517338709677417,-2.751465053763441,
2020-01,-15.132338709677418,-15.471827956989246,-14.502809139784947,-11.667352150537635,-7.952325268817204,-3.798279569892473,-2.3720833333333333,-2.5728225806451612,-2.701263440860215,-2.7155645161290325,
2020-02,-17.798089080459768,-17.393793103448274,-15.193864942528736,-12.67287356321839,-9.64337643678161,-5.735919540229885,-3.3335632183908044,-2.5532758620689653,-2.6677586206896553,-2.681537356321839,
2020-03,-18.235545087483178,-18.291615074024225,-17.448398384925977,-15.22250336473755,-11.874199192462989,-7.3709286675639305,-4.4315074024226115,-2.617254374158816,-2.6440646029609693,-2.6646567967698522,
2020-04,-9.827013888888889,-10.593222222222222,-12.149888888888889,-12.014708333333333,-10.863166666666666,-8.175277777777778,-5.441444444444444,-2.8507638888888893,-2.70475,-2.6685000000000003,
2020-05,-0.4837685060565276,-1.2844818304172274,-3.7701615074024226,-5.384118438761777,-6.7627321668909826,-6.945962314939434,-5.617456258411843,-3.188963660834455,-2.874185733512786,-2.748169582772544,
2020-06,4.3176805555555555,4.2191527777777775,1.4541805555555556,-1.170763888888889,-3.2853472222222218,-4.986083333333333,-4.927986111111111,-3.4620833333333336,-3.1024722222222225,-2.8989722222222225,0.7769926347647569
2020-07,9.663158602150538,9.564677419354839,6.4231989247311825,2.733185483870968,-1.0677956989247313,-3.516505376344086,-4.106720430107527,-3.5575806451612904,-3.284771505376344,-3.0595833333333333,1.359536834362944
2020-08,6.763077956989247,6.868669354838709,6.752580645161291,4.918561827956989,1.2231182795698925,-2.378037634408602,-3.4137634408602153,-3.4903897849462364,-3.365887096774194,-3.15744623655914,1.839646021662698
2020-09,1.6410138888888888,1.5706388888888887,1.8984027777777779,1.6685555555555558,0.5935277777777779,-1.7794444444444446,-2.898111111111111,-3.3706666666666667,-3.3560000000000003,-3.186138888888889,1.750119985484683
2020-10,-3.873481182795699,-3.186034946236559,-0.716774193548387,-0.15341397849462365,-0.13983870967741935,-1.524717741935484,-2.568481182795699,-3.240255376344086,-3.295322580645162,-3.1796370967741936,
2020-11,-4.959402777777778,-4.8462499999999995,-2.814166666666667,-1.0667916666666668,-0.3579444444444445,-1.3880000000000001,-2.3599305555555556,-3.103166666666667,-3.2107361111111112,-3.131666666666667,
2020-12,-9.544529569892473,-9.286290322580646,-7.095470430107526,-4.636169354838709,-2.216034946236559,-1.5105913978494625,-2.235793010752688,-2.989811827956989,-3.1216935483870967,-3.083709677419355,
2021-01,-10.708198924731182,-9.619825268817204,-6.902365591397849,-5.120389784946237,-3.5006048387096773,-2.1638709677419357,-2.2426209677419355,-2.885806451612903,-3.037258064516129,-3.016774193548387,
2021-02,-7.685238095238095,-8.626875,-8.682247023809524,-7.551636904761905,-5.509568452380952,-3.1308333333333334,-2.4718601190476193,-2.7975000000000003,-2.9580505952380953,-2.9491964285714287,
2021-03,-11.490162601626016,-10.13559620596206,-8.132127371273713,-6.981720867208672,-5.622140921409214,-3.9474390243902437,-2.9418157181571813,-2.7642276422764227,-2.895691056910569,-2.9001761517615177,
2021-04,-7.762833333333333,-7.994166666666667,-7.234013888888889,-6.533388888888889,-5.627375,-4.366,-3.357680555555556,-2.7671666666666663,-2.8572500000000005,-2.8514166666666667,
2021-05,-3.075994623655914,-4.161545698924732,-4.978494623655914,-5.187916666666666,-5.040564516129032,-4.412876344086022,-3.594274193548387,-2.827903225806452,-2.8513709677419357,-2.8187096774193545,
2021-06,2.906583333333333,2.4227777777777777,-0.13458333333333333,-1.9307916666666667,-3.132083333333333,-3.8162083333333334,-3.56875,-2.90225,-2.871833333333334,-2.819666666666667,0.4736870689186987
2021-07,6.083938172043011,6.0895295698924725,4.349690860215054,1.4271908602150536,-1.2266263440860214,-2.907284946236559,-3.2414516129032256,-2.9330107526881726,-2.920403225806452,-2.8558064516129034,1.268893964871052
2021-08,5.871061827956989,5.853279569892473,5.166451612903225,3.521048387096774,0.5215322580645162,-2.0909543010752687,-2.8517876344086024,-2.930174731182796,-2.932822580645161,-2.8724193548387094,1.6996305995297605
2021-09,3.0343472222222223,2.7673888888888887,2.3103333333333333,1.8490972222222224,0.5362222222222223,-1.5947500000000001,-2.5204722222222222,-2.8859166666666667,-2.9321388888888893,-2.879166666666667,1.7516326663625106
2021-10,-5.636142473118279,-5.34127688172043,-1.44375,-0.02701612903225806,-0.02032258064516129,-1.354220430107527,-2.302795698924731,-2.826451612903226,-2.9247715053763446,-2.880725806451613,
2021-11,-12.565,-12.209291666666667,-7.259222222222222,-3.712638888888889,-1.0650416666666667,-1.2671666666666668,-2.1501944444444447,-2.785916666666667,-2.8823333333333334,-2.88075,
2021-12,-8.180873655913977,-8.570322580645161,-7.5492473118279575,-6.03391129032258,-3.766733870967742,-1.8725537634408602,-2.089274193548387,-2.697204301075269,-2.83,-2.839193548387097,
