date,0,0.25,0.5,1,2,3,4,5,7,10,Zero_Crossing_Depth
2009-04-05,-8.385333333333334,-7.354,-6.4286666666666665,-5.976333333333333,-6.155333333333333,-6.335666666666667,-6.435333333333333,-6.148666666666667,-5.959999999999999,-5.4855,0.0
2009-04-12,-8.650833333333333,-7.5440476190476184,-6.712142857142856,-6.385833333333333,-6.545595238095238,-6.614166666666667,-6.6344047619047615,-6.322142857142857,-6.1,-5.609285714285714,0.0
2009-04-19,-9.110833333333332,-7.939523809523809,-7.093095238095238,-6.769523809523809,-6.90095238095238,-6.88297619047619,-6.826428571428571,-6.493095238095238,-6.241309523809524,-5.719761904761905,0.0
2009-04-26,-9.888690476190476,-8.564642857142857,-7.510595238095238,-7.106547619047619,-7.199404761904762,-7.097142857142857,-7.00392857142857,-6.663690476190476,-6.355714285714286,-5.814285714285714,0.0
2009-05-03,-9.658809523809524,-8.709880952380953,-7.838214285714285,-7.410357142857143,-7.490119047619047,-7.295833333333333,-7.140714285714285,-6.802142857142857,-6.470000000000001,-5.902857142857142,0.0
2009-05-10,-8.462380952380952,-8.313928571428571,-7.994166666666667,-7.6726190476190474,-7.744285714285714,-7.475595238095237,-7.264642857142857,-6.973214285714286,-6.571428571428571,-5.979523809523809,0.0
2009-05-17,-7.968571428571429,-8.049642857142857,-7.993333333333334,-7.8428571428571425,-7.908809523809524,-7.616428571428571,-7.351428571428571,-7.1035714285714295,-6.652857142857143,-6.049285714285714,0.0
2009-05-24,-7.629404761904762,-7.847142857142857,-7.926190476190476,-7.871428571428572,-7.934166666666667,-7.679404761904761,-7.407857142857143,-7.176666666666667,-6.745833333333333,-6.11,0.0
2009-05-31,-7.455357142857143,-7.694047619047619,-7.8307142857142855,-7.836428571428572,-7.918571428571428,-7.689166666666667,-7.4297619047619055,-7.243333333333334,-6.812142857142858,-6.1657142857142855,0.0
2009-06-07,-7.222261904761904,-7.544047619047619,-7.72797619047619,-7.770595238095238,-7.857142857142857,-7.682499999999999,-7.4799999999999995,-7.2507142857142854,-6.8707142857142856,-6.2299999999999995,0.0
2009-06-14,-6.7352380952380955,-7.2177380952380945,-7.529285714285715,-7.670238095238095,-7.781428571428571,-7.65,-7.495833333333333,-7.25,-6.9157142857142855,-6.287142857142857,0.0
2009-06-21,-6.426666666666667,-6.945833333333334,-7.303214285714286,-7.565,-7.673809523809524,-7.602142857142858,-7.4625,-7.235833333333333,-6.931666666666667,-6.324999999999999,0.0
2009-06-28,-1.7104761904761905,-3.0154761904761904,-4.43,-7.339642857142857,-7.529404761904762,-7.531428571428571,-7.4278571428571425,-7.181666666666667,-6.96,-6.367857142857143,0.0
2009-07-05,-0.3775,-1.961904761904762,-4.152738095238095,-6.961547619047619,-7.24202380952381,-7.4089285714285715,-7.360714285714285,-7.149285714285714,-6.986666666666666,-6.409999999999999,0.0
2009-07-12,-0.18416666666666665,-0.13642857142857143,-0.33726190476190476,-1.2289285714285714,-6.708571428571428,-7.204880952380953,-7.2265476190476186,-7.059285714285714,-6.983333333333333,-6.430833333333332,0.0
2009-07-19,0.42086419753086424,-0.11857142857142856,-0.08,-0.9104761904761905,-5.771071428571428,-6.793095238095238,-6.97547619047619,-6.902499999999999,-6.932499999999999,-6.449166666666667,0.19504838815144185
2009-07-26,3.7340243902439023,0.7695180722891566,-0.1157142857142857,-1.1573809523809524,-5.081666666666667,-6.31297619047619,-6.642380952380953,-6.691071428571428,-6.875,-6.490833333333334,0.4673209286047597
2009-08-02,9.495595238095238,6.917142857142856,0.4307594936708861,-1.3364285714285715,-4.636785714285715,-5.926666666666667,-6.323095238095238,-6.456904761904762,-6.781904761904761,-6.491666666666666,0.6218770945147377
2009-08-09,9.232142857142858,7.12,1.9089285714285713,-1.4026190476190477,-4.309404761904762,-5.609047619047619,-6.046666666666666,-6.219166666666666,-6.6674999999999995,-6.461666666666666,0.7882230290829348
2009-08-16,3.53768115942029,2.982028985507246,0.8696376811594203,-1.4929496402877698,-4.037769784172662,-5.311438848920863,-5.777338129496402,-5.973669064748202,-6.545323741007194,-6.434532374100719,0.6840435003745657
2009-08-23,2.358969696969697,1.3379640718562875,0.13060975609756098,-1.450595238095238,-3.8189880952380952,-5.078392857142857,-5.56797619047619,-5.78672619047619,-6.421547619047619,-6.413571428571428,0.5413007031274388
2009-08-30,3.065988023952096,1.7290419161676647,0.244625,-1.4214285714285713,-3.590297619047619,-4.853630952380952,-5.357857142857143,-5.596071428571428,-6.2960714285714285,-6.369642857142857,0.57341450605044
2009-09-06,0.21345454545454545,-0.1789937106918239,-0.37026143790849675,-1.355,-3.4714880952380955,-4.666011904761905,-5.174702380952381,-5.425773809523809,-6.163214285714286,-6.320357142857143,0.1359762351542559
2009-09-13,-1.1903012048192771,-1.6119760479041916,-0.6704242424242425,-1.302857142857143,-3.295952380952381,-4.496785714285714,-5.008571428571428,-5.269345238095238,-6.041785714285714,-6.2732142857142845,0.0
2009-09-20,-7.455416666666666,-6.29220238095238,-3.8345833333333337,-1.6944642857142858,-3.1810119047619048,-4.3525,-4.864285714285714,-5.125357142857142,-5.916011904761905,-6.2075,0.0
2009-09-27,-3.374821428571429,-2.9068452380952383,-2.3962499999999998,-2.2101190476190475,-3.1920238095238096,-4.236130952380952,-4.747619047619048,-5.000059523809524,-5.805714285714286,-6.144642857142857,0.0
2009-10-04,-4.446130952380952,-3.270238095238095,-2.680892857142857,-2.4211309523809526,-3.2753571428571426,-4.1812499999999995,-4.6796428571428565,-4.905357142857143,-5.701488095238095,-6.089285714285714,0.0
2009-10-11,-5.713869047619047,-4.269583333333333,-3.3464880952380955,-2.800119047619048,-3.3585714285714285,-4.196666666666666,-4.675,-4.863571428571428,-5.611071428571428,-6.0285714285714285,0.0
2009-10-18,-5.638690476190476,-4.486488095238095,-3.691666666666667,-3.1742261904761904,-3.4617857142857145,-4.256190476190476,-4.679285714285714,-4.829285714285714,-5.547142857142857,-5.960833333333333,0.0
2009-10-25,-5.173571428571428,-4.530714285714286,-3.961904761904762,-3.5044642857142856,-3.6017857142857146,-4.324642857142857,-4.719166666666666,-4.838214285714285,-5.499583333333333,-5.898928571428572,0.0
2009-11-01,-5.8742857142857146,-4.921666666666667,-4.2543452380952385,-3.7911904761904767,-3.7670833333333333,-4.409107142857143,-4.789642857142857,-4.868571428571429,-5.4470833333333335,-5.854642857142857,0.0
2009-11-08,-3.1402380952380957,-3.1285714285714286,-3.3416071428571428,-3.74452380952381,-3.951190476190476,-4.518869047619047,-4.8575,-4.91,-5.430416666666666,-5.811071428571428,0.0
2009-11-15,-4.169642857142857,-4.0217857142857145,-3.999821428571429,-3.932916666666667,-4.132142857142857,-4.630357142857143,-4.9400595238095235,-4.95375,-5.43,-5.769285714285714,0.0
2009-11-22,-5.454107142857143,-4.811369047619047,-4.4713690476190475,-4.165535714285714,-4.272142857142857,-4.719940476190476,-5.000059523809524,-4.999940476190476,-5.43,-5.745833333333333,0.0
2009-11-29,-5.4123809523809525,-4.964702380952381,-4.67875,-4.380892857142857,-4.399285714285714,-4.798928571428571,-5.056071428571428,-5.045,-5.43,-5.708333333333333,0.0
2009-12-06,-5.436190476190476,-5.0340476190476195,-4.805357142857143,-4.553869047619047,-4.536785714285714,-4.878928571428571,-5.106428571428571,-5.0675,-5.43,-5.680416666666666,0.0
2009-12-13,-5.799047619047619,-5.327857142857143,-5.019642857142857,-4.7282738095238095,-4.6779761904761905,-4.957559523809524,-5.160357142857142,-5.118214285714286,-5.4312499999999995,-5.68,0.0
2009-12-20,-5.592857142857143,-5.285238095238095,-5.090714285714286,-4.861428571428571,-4.811071428571428,-5.041785714285714,-5.225833333333333,-5.163214285714285,-5.4504166666666665,-5.672857142857143,0.0
2009-12-27,-6.02672619047619,-5.533928571428571,-5.248511904761905,-4.9905357142857145,-4.933392857142857,-5.124642857142858,-5.286071428571428,-5.200833333333334,-5.489583333333333,-5.654285714285714,0.0
2010-01-03,-7.166250000000001,-6.21625,-5.613214285714285,-5.194285714285714,-5.048214285714285,-5.203333333333333,-5.343928571428571,-5.250595238095238,-5.499583333333333,-5.641071428571429,0.0
2010-01-10,-7.746845238095238,-6.786011904761905,-6.031547619047619,-5.470892857142857,-5.168214285714286,-5.282142857142857,-5.4025,-5.302499999999999,-5.505714285714286,-5.6310714285714285,0.0
2010-01-17,-8.238333333333333,-7.191904761904762,-6.38125,-5.771547619047619,-5.330357142857143,-5.373928571428571,-5.47375,-5.346428571428571,-5.547499999999999,-5.628571428571429,0.0
2010-01-24,-7.567202380952381,-6.9922619047619055,-6.478392857142857,-6.004940476190476,-5.519583333333333,-5.491607142857142,-5.5625,-5.408571428571428,-5.56,-5.628214285714286,0.0
2010-01-31,-7.00702380952381,-6.630238095238094,-6.361071428571429,-6.061428571428571,-5.705178571428571,-5.617857142857143,-5.653333333333333,-5.479940476190476,-5.587857142857143,-5.630357142857143,0.0
2010-02-07,-7.59904761904762,-6.9375,-6.49654761904762,-6.149523809523809,-5.844285714285714,-5.733928571428571,-5.753452380952381,-5.556428571428571,-5.6207142857142856,-5.640357142857143,0.0
2010-02-14,-7.719404761904761,-7.088571428571428,-6.637916666666667,-6.283095238095238,-5.958630952380952,-5.835357142857142,-5.832142857142857,-5.625,-5.6710714285714285,-5.675714285714285,0.0
2010-02-21,-8.118452380952382,-7.391904761904762,-6.838214285714285,-6.418571428571428,-6.068928571428571,-5.916071428571429,-5.9035714285714285,-5.691785714285714,-5.70375,-5.68,0.0
2010-02-28,-9.379642857142857,-8.161964285714285,-7.273154761904761,-6.652499999999999,-6.180952380952381,-6.017142857142857,-5.982857142857143,-5.762738095238095,-5.750357142857142,-5.684583333333333,0.0
2010-03-07,-9.715892857142856,-8.641666666666666,-7.684642857142857,-6.9678571428571425,-6.333214285714286,-6.103928571428572,-6.065714285714286,-5.8253571428571425,-5.800714285714285,-5.71,0.0
2010-03-14,-9.883630952380953,-8.846488095238096,-7.935119047619047,-7.2386309523809516,-6.52779761904762,-6.2317261904761905,-6.154464285714286,-5.898214285714285,-5.835357142857142,-5.746666666666667,0.0
2010-03-21,-10.383809523809523,-9.187559523809524,-8.194285714285714,-7.470000000000001,-6.732678571428571,-6.371071428571428,-6.269583333333333,-5.983928571428571,-5.88,-5.751428571428572,0.0
2010-03-28,-10.870416666666667,-9.591964285714287,-8.538095238095238,-7.756190476190476,-6.932619047619048,-6.521011904761904,-6.385000000000001,-6.082857142857143,-5.942142857142857,-5.773214285714285,0.0
2010-04-04,-10.816785714285714,-9.644345238095237,-8.705654761904762,-7.995178571428572,-7.14797619047619,-6.673690476190477,-6.510773809523809,-6.176666666666667,-6.010654761904762,-5.8075,0.0
2010-04-11,-10.351369047619048,-9.46452380952381,-8.749702380952382,-8.154642857142857,-7.348928571428571,-6.8342857142857145,-6.636428571428572,-6.288571428571428,-6.088928571428571,-5.816428571428571,0.0
2010-04-18,-9.522499999999999,-9.008750000000001,-8.580714285714285,-8.1625,-7.514345238095237,-6.984285714285714,-6.7664880952380955,-6.395357142857144,-6.1535714285714285,-5.861428571428571,0.0
2010-04-25,-9.530892857142858,-8.93392857142857,-8.486666666666666,-8.119285714285715,-7.5928571428571425,-7.1,-6.876071428571429,-6.499285714285714,-6.226666666666667,-5.89,0.0
2010-05-02,-9.828035714285713,-9.120714285714286,-8.57642857142857,-8.149285714285714,-7.630357142857143,-7.174642857142857,-6.962083333333332,-6.588928571428572,-6.295,-5.9312499999999995,0.0
2010-05-09,-9.472142857142856,-8.950059523809523,-8.545,-8.179285714285713,-7.681309523809524,-7.2473214285714285,-7.035357142857143,-6.656428571428571,-6.360714285714285,-5.97875,0.0
2010-05-16,-8.873392857142857,-8.609642857142857,-8.38172619047619,-8.117142857142856,-7.720416666666667,-7.305,-7.0960714285714275,-6.729166666666667,-6.4193452380952385,-6.01,0.0
2010-05-23,-8.136130952380952,-8.138214285714286,-8.117380952380952,-7.984107142857143,-7.711666666666666,-7.338571428571428,-7.145,-6.788928571428571,-6.482916666666666,-6.056428571428571,0.0
2010-05-30,-7.303214285714286,-7.545297619047618,-7.744642857142857,-7.756964285714286,-7.657500000000001,-7.362857142857143,-7.18,-6.827142857142857,-6.535714285714286,-6.089642857142857,0.0
2010-06-06,-6.89922619047619,-7.18797619047619,-7.443095238095238,-7.518035714285714,-7.562142857142858,-7.3275,-7.18,-6.87,-6.573928571428571,-6.123214285714286,0.0
2010-06-13,-6.480952380952381,-6.851011904761905,-7.174166666666666,-7.29625,-7.431607142857143,-7.284999999999999,-7.179642857142857,-6.87,-6.62,-6.172142857142857,0.0
2010-06-20,-5.253809523809524,-5.979642857142856,-6.555892857142856,-6.933928571428572,-7.302619047619047,-7.214583333333333,-7.139642857142857,-6.87,-6.635000000000001,-6.1925,0.0
2010-06-27,-1.98375,-2.3422619047619047,-3.0330357142857145,-5.720833333333333,-7.097857142857143,-7.123928571428571,-7.094285714285713,-6.847142857142857,-6.673571428571428,-6.247083333333333,0.0
2010-07-04,-0.28285714285714286,-0.18083333333333332,-1.1275000000000002,-4.030833333333333,-6.634583333333333,-6.95077380952381,-6.994166666666667,-6.795714285714286,-6.678928571428571,-6.263928571428571,0.0
2010-07-11,-0.27749999999999997,-0.2,-1.1767857142857143,-3.4351785714285716,-5.990654761904762,-6.612559523809525,-6.77702380952381,-6.679583333333333,-6.665,-6.301428571428571,0.0
2010-07-18,-0.2785714285714286,-0.30714285714285716,-1.1775,-3.0426190476190476,-5.475833333333333,-6.225952380952381,-6.49577380952381,-6.492857142857143,-6.616428571428571,-6.309642857142857,0.0
2010-07-25,0.7808333333333334,-0.39321428571428574,-1.1367857142857143,-2.7629761904761905,-5.0529166666666665,-5.875416666666666,-6.214880952380952,-6.279642857142857,-6.548214285714285,-6.31,0.16626951936726828
2010-08-01,4.737964071856288,0.605379746835443,-0.9320833333333334,-2.590357142857143,-4.716607142857143,-5.575,-5.959523809523809,-6.074642857142857,-6.458154761904762,-6.310357142857142,0.34843809497672407
2010-08-08,4.95345238095238,2.006666666666667,-0.6908333333333333,-2.429404761904762,-4.435,-5.323630952380952,-5.737797619047619,-5.878630952380952,-6.348571428571428,-6.301071428571428,0.4359746679023787
2010-08-15,0.3615662650602409,-0.35897590361445786,-0.9230357142857143,-2.248392857142857,-4.196011904761905,-5.100714285714285,-5.536547619047619,-5.69577380952381,-6.2438690476190475,-6.261785714285715,0.1254493771423794
2010-08-22,1.914940476190476,0.3620359281437126,-1.1543452380952381,-2.2524404761904764,-3.9622023809523808,-4.899404761904762,-5.343571428571429,-5.526488095238095,-6.128928571428572,-6.236666666666666,0.3096874875862615
2010-08-29,2.0360479041916166,0.4580368098159509,-0.7025,-2.0435714285714286,-3.771130952380952,-4.723511904761905,-5.168214285714286,-5.363571428571428,-6.019583333333333,-6.182916666666666,0.34866916885828697
2010-09-05,-0.13457831325301206,-0.7260365853658537,-1.164404761904762,-2.022857142857143,-3.602142857142857,-4.586071428571429,-5.03922619047619,-5.221726190476191,-5.902916666666666,-6.139642857142857,0.0
2010-09-12,-0.9982634730538923,-1.3373652694610778,-1.3378571428571429,-1.9973809523809525,-3.453809523809524,-4.441369047619047,-4.898928571428572,-5.081785714285714,-5.796785714285714,-6.091785714285714,0.0
2010-09-19,-3.073095238095238,-2.965818181818182,-2.3319526627218936,-2.157455621301775,-3.334319526627219,-4.300650887573964,-4.77698224852071,-4.95810650887574,-5.702544378698225,-6.0426035502958575,0.0
2010-09-26,-3.5470238095238096,-2.888154761904762,-2.509702380952381,-2.390714285714286,-3.2660714285714287,-4.196309523809524,-4.660714285714286,-4.844285714285714,-5.597857142857142,-5.983333333333333,0.0
2010-10-03,-1.7023636363636363,-1.7808333333333333,-2.0308333333333333,-2.499107142857143,-3.251071428571428,-4.120357142857143,-4.585,-4.764464285714285,-5.514642857142857,-5.920416666666666,0.0
2010-10-10,-0.4260377358490566,-0.30065476190476187,-0.8419047619047619,-2.125,-3.2835714285714284,-4.101428571428571,-4.557857142857142,-4.689166666666667,-5.425476190476191,-5.865714285714286,0.0
2010-10-17,-3.8744642857142857,-1.3779761904761905,-1.2604166666666667,-2.0123214285714286,-3.269285714285714,-4.069642857142857,-4.5225,-4.652857142857142,-5.364285714285715,-5.814642857142856,0.0
2010-10-24,-4.1125,-3.12327380952381,-2.8017261904761903,-2.4383333333333335,-3.236666666666667,-4.025357142857143,-4.457916666666667,-4.594642857142857,-5.303571428571428,-5.7645833333333325,0.0
2010-10-31,-4.300595238095238,-3.4094642857142854,-3.147678571428572,-2.788809523809524,-3.257738095238095,-4.0,-4.429285714285714,-4.559285714285714,-5.2472619047619045,-5.7075000000000005,0.0
2010-11-07,-5.2994642857142855,-4.158988095238095,-3.790059523809524,-3.189761904761905,-3.331428571428572,-4.037142857142857,-4.430416666666666,-4.541428571428571,-5.185833333333333,-5.666071428571429,0.0
2010-11-14,-6.2438690476190475,-4.8376190476190475,-4.387797619047619,-3.6275,-3.4312500000000004,-4.097142857142857,-4.48202380952381,-4.5575,-5.161428571428571,-5.620357142857143,0.0
2010-11-21,-6.436666666666666,-5.2977380952380955,-4.891845238095238,-4.109464285714286,-3.5742857142857143,-4.180357142857143,-4.559642857142857,-4.580357142857143,-5.123214285714286,-5.573214285714285,0.0
2010-11-28,-7.3305952380952375,-5.8722023809523805,-5.396369047619048,-4.568690476190476,-3.7975000000000003,-4.307440476190476,-4.664702380952381,-4.6475,-5.121071428571429,-5.555714285714285,0.0
2010-12-05,-7.587976190476191,-6.379166666666667,-5.947797619047619,-5.101785714285715,-4.1067261904761905,-4.48297619047619,-4.801071428571428,-4.734047619047619,-5.1325,-5.511785714285715,0.0
2010-12-12,-9.000714285714285,-7.1883928571428575,-6.5980952380952385,-5.621964285714286,-4.482202380952381,-4.695416666666667,-4.9525,-4.843214285714286,-5.174642857142857,-5.5,0.0
2010-12-19,-8.719821428571429,-7.56,-7.121428571428571,-6.217321428571428,-4.90672619047619,-4.933392857142857,-5.118333333333333,-4.962857142857143,-5.206666666666667,-5.495,0.0
2010-12-26,-8.109464285714285,-7.283392857142856,-6.993214285714285,-6.426071428571428,-5.370178571428571,-5.2057738095238095,-5.308571428571429,-5.1025,-5.265357142857143,-5.48625,0.0
2011-01-02,-8.54095238095238,-7.5860119047619055,-7.261369047619047,-6.67875,-5.735416666666667,-5.476666666666667,-5.501785714285714,-5.2491666666666665,-5.33,-5.492916666666666,0.0
2011-01-09,-9.441011904761904,-8.092916666666666,-7.662678571428571,-6.97547619047619,-6.02797619047619,-5.71047619047619,-5.673571428571428,-5.386130952380952,-5.399642857142857,-5.497083333333333,0.0
2011-01-16,-9.80220238095238,-8.520357142857144,-8.094107142857142,-7.3514880952380945,-6.303928571428571,-5.91625,-5.836785714285714,-5.528392857142857,-5.475297619047619,-5.501071428571429,0.0
2011-01-23,-9.566369047619046,-8.66529761904762,-8.319523809523808,-7.652499999999999,-6.585119047619047,-6.122619047619047,-5.998452380952381,-5.657559523809524,-5.560357142857143,-5.5217857142857145,0.0
2011-01-30,-9.111488095238096,-8.377678571428572,-8.129166666666666,-7.687916666666666,-6.835357142857142,-6.3325,-6.161547619047618,-5.7975,-5.6414285714285715,-5.5575,0.0
2011-02-06,-10.19375,-8.895238095238094,-8.486904761904762,-7.863690476190476,-6.99827380952381,-6.507083333333334,-6.3132142857142854,-5.925535714285714,-5.724047619047619,-5.5725,0.0
2011-02-13,-10.461369047619048,-9.272261904761905,-8.858630952380953,-8.174642857142857,-7.167678571428572,-6.647261904761905,-6.4436309523809525,-6.05,-5.814642857142856,-5.6175,0.0
2011-02-20,-10.19672619047619,-9.260178571428572,-8.930238095238096,-8.347857142857142,-7.369166666666667,-6.806785714285714,-6.573214285714285,-6.160416666666667,-5.896428571428571,-5.655714285714286,0.0
2011-02-27,-9.77,-9.121130952380952,-8.866071428571429,-8.422857142857143,-7.545535714285713,-6.958869047619047,-6.70779761904762,-6.285892857142857,-5.980178571428572,-5.686249999999999,0.0
2011-03-06,-9.232202380952382,-8.84797619047619,-8.681071428571428,-8.362142857142857,-7.650357142857143,-7.095357142857143,-6.8339285714285705,-6.3967857142857145,-6.066071428571428,-5.742440476190477,0.0
2011-03-13,-9.11172619047619,-8.679642857142857,-8.524642857142858,-8.271785714285715,-7.681666666666667,-7.195416666666667,-6.9402976190476195,-6.5094642857142855,-6.148928571428572,-5.789285714285714,0.0
2011-03-20,-9.723630952380953,-8.955535714285714,-8.70375,-8.311071428571429,-7.705416666666666,-7.263869047619047,-7.028928571428571,-6.594285714285713,-6.23029761904762,-5.831071428571429,0.0
2011-03-27,-9.391845238095238,-8.868214285714284,-8.686964285714286,-8.369285714285715,-7.7675,-7.319285714285714,-7.090357142857143,-6.664285714285714,-6.310357142857142,-5.8757142857142854,0.0
2011-04-03,-10.19732142857143,-9.208809523809524,-8.899821428571428,-8.451607142857142,-7.814285714285714,-7.379642857142857,-7.156071428571429,-6.745297619047619,-6.3775,-5.926428571428572,0.0
2011-04-10,-10.45202380952381,-9.515535714285715,-9.197380952380952,-8.671190476190477,-7.8965476190476185,-7.443273809523809,-7.217083333333333,-6.807142857142857,-6.441249999999999,-5.979583333333333,0.0
2011-04-17,-9.889940476190477,-9.352916666666667,-9.139107142857142,-8.75095238095238,-8.021666666666667,-7.5303571428571425,-7.293571428571428,-6.8689285714285715,-6.508869047619048,-6.028214285714286,0.0
2011-04-24,-9.208869047619046,-8.966845238095239,-8.856726190476191,-8.643749999999999,-8.095357142857143,-7.610357142857143,-7.373571428571428,-6.9425,-6.563571428571428,-6.0649999999999995,0.0
2011-05-01,-7.786369047619047,-8.108095238095238,-8.180833333333332,-8.303928571428571,-8.066785714285714,-7.674642857142857,-7.43297619047619,-7.015,-6.623928571428571,-6.115357142857143,0.0
2011-05-08,-7.111547619047619,-7.553928571428571,-7.669166666666667,-7.904285714285715,-7.930714285714285,-7.668571428571428,-7.484166666666666,-7.061071428571428,-6.681964285714285,-6.1553571428571425,0.0
2011-05-15,-7.112202380952381,-7.324285714285715,-7.387499999999999,-7.612499999999999,-7.75422619047619,-7.602142857142858,-7.462916666666667,-7.08,-6.743154761904761,-6.195,0.0
2011-05-22,-7.269285714285714,-7.347499999999999,-7.3707142857142856,-7.487619047619048,-7.591785714285715,-7.5234523809523814,-7.425714285714285,-7.076785714285713,-6.784642857142857,-6.2475,0.0
2011-05-29,-7.139702380952381,-7.257619047619047,-7.277321428571428,-7.3964285714285705,-7.472559523809523,-7.439464285714285,-7.374642857142858,-7.060714285714286,-6.809642857142857,-6.291071428571428,0.0
2011-06-05,-6.765952380952381,-7.034107142857143,-7.093928571428571,-7.265238095238095,-7.386785714285715,-7.371428571428572,-7.334642857142858,-7.057499999999999,-6.810357142857142,-6.312857142857142,0.0
2011-06-12,-6.329821428571429,-6.718214285714287,-6.820654761904761,-7.0789285714285715,-7.288928571428571,-7.3125,-7.299999999999999,-7.017142857142856,-6.815357142857143,-6.356071428571428,0.0
2011-06-19,-1.2432738095238096,-1.439642857142857,-3.143095238095238,-5.776607142857143,-7.135535714285714,-7.235416666666667,-7.247738095238095,-6.995416666666666,-6.814642857142856,-6.370357142857143,0.0
2011-06-26,-0.30785714285714283,-1.0085714285714285,-2.1020833333333337,-4.477797619047619,-6.6902380952380955,-7.092678571428571,-7.152083333333333,-6.934940476190476,-6.811428571428571,-6.392857142857143,0.0
2011-07-03,-0.32107142857142856,-1.0482142857142858,-1.8882738095238096,-3.862916666666667,-6.107440476190476,-6.784107142857143,-6.968511904761905,-6.833571428571428,-6.81,-6.426785714285715,0.0
2011-07-10,-0.42410714285714285,-1.0532142857142857,-1.7526785714285713,-3.4567261904761906,-5.61047619047619,-6.421190476190477,-6.7005357142857145,-6.660059523809523,-6.776071428571428,-6.429285714285713,0.0
2011-07-17,-0.5017261904761905,-1.01125,-1.6335714285714285,-3.1554761904761905,-5.208630952380952,-6.082023809523809,-6.4297023809523814,-6.46047619047619,-6.700892857142857,-6.43,0.0
2011-07-24,2.121785714285714,-0.6484523809523809,-1.341904761904762,-2.885357142857143,-4.8875,-5.786964285714285,-6.1726190476190474,-6.250119047619047,-6.601071428571428,-6.43,0.1914804469273743
2011-07-31,8.66875,1.3296226415094339,-0.8792857142857142,-2.591190476190476,-4.619702380952381,-5.529880952380952,-5.946369047619048,-6.053571428571429,-6.497083333333333,-6.416785714285714,0.40048413371486447
2011-08-07,4.197380952380952,2.0125,-0.5978571428571429,-2.381607142857143,-4.380416666666666,-5.306726190476191,-5.741547619047618,-5.872559523809524,-6.386428571428572,-6.375714285714286,0.44274182514707894
2011-08-14,1.314060606060606,0.5227380952380952,-0.6975595238095238,-2.198511904761905,-4.158511904761904,-5.098571428571428,-5.545238095238095,-5.698333333333333,-6.2802380952380945,-6.3525,0.35709233695917275
2011-08-21,8.845119047619047,3.7525,-0.35716867469879515,-2.072857142857143,-3.9391666666666665,-4.89797619047619,-5.355357142857143,-5.531666666666666,-6.154226190476191,-6.308928571428571,0.47827265997757273
2011-08-28,4.104880952380952,2.914345238095238,-0.0228030303030303,-1.9045238095238095,-3.75375,-4.725892857142857,-5.185238095238096,-5.371785714285714,-6.044642857142857,-6.260357142857143,0.4980590841677644
2011-09-04,1.7275595238095238,1.2796932515337422,-0.12186335403726709,-1.7867857142857144,-3.574642857142857,-4.561428571428571,-5.031488095238095,-5.2275,-5.932142857142857,-6.205,0.4782628554649745
2011-09-11,3.511144578313253,2.811265060240964,0.5125625,-1.6733333333333333,-3.4061309523809524,-4.406547619047619,-4.879642857142857,-5.084642857142858,-5.827857142857143,-6.152142857142857,0.6172431211459832
2011-09-18,-1.1646385542168673,-1.518282208588957,-0.8751497005988025,-1.5857142857142859,-3.256607142857143,-4.269761904761904,-4.747023809523809,-4.956011904761905,-5.718571428571429,-6.092142857142857,0.0
2011-09-25,-0.3233939393939394,-0.5515060240963855,-0.7563690476190477,-1.5353571428571429,-3.113571428571429,-4.130357142857143,-4.618214285714286,-4.832857142857143,-5.6121428571428575,-6.039999999999999,0.0
2011-10-02,-2.1934730538922156,-2.063456790123457,-1.428452380952381,-1.5242857142857142,-2.9973214285714285,-4.002916666666667,-4.506607142857143,-4.717499999999999,-5.520952380952381,-5.97875,0.0
2011-10-09,-6.694642857142857,-4.069940476190476,-2.564404761904762,-1.8242857142857143,-2.9110714285714288,-3.8946428571428577,-4.402142857142857,-4.6171428571428565,-5.423869047619047,-5.9210714285714285,0.0
2011-10-16,-6.860357142857143,-4.621547619047619,-3.2300595238095235,-2.3096428571428573,-2.870357142857143,-3.820357142857143,-4.317857142857143,-4.526369047619047,-5.338571428571429,-5.855714285714286,0.0
2011-10-23,-5.407380952380952,-4.054464285714285,-3.1914285714285713,-2.6149999999999998,-2.9092857142857147,-3.780357142857143,-4.255357142857143,-4.445416666666667,-5.257321428571428,-5.798571428571428,0.0
2011-10-30,-3.7934523809523806,-3.547797619047619,-3.209404761904762,-2.8482142857142856,-3.0076785714285714,-3.8064285714285715,-4.264642857142857,-4.428928571428571,-5.1744047619047615,-5.736130952380952,0.0
2011-11-06,-5.242202380952381,-4.159226190476191,-3.458571428571428,-3.0201190476190476,-3.1214285714285714,-3.8764285714285713,-4.3225,-4.4296428571428565,-5.1225000000000005,-5.678869047619047,0.0
2011-11-13,-4.27297619047619,-4.015238095238095,-3.694107142857143,-3.335357142857143,-3.2425595238095237,-3.9488690476190476,-4.381428571428572,-4.452916666666666,-5.099642857142857,-5.623214285714286,0.0
2011-11-20,-5.71452380952381,-4.752678571428571,-4.063452380952381,-3.588035714285714,-3.395059523809524,-4.034285714285714,-4.458749999999999,-4.5026785714285715,-5.065714285714286,-5.579285714285714,0.0
2011-11-27,-5.780714285714286,-5.0718452380952375,-4.445,-3.9435119047619045,-3.5857142857142854,-4.136071428571428,-4.538928571428571,-4.5582142857142856,-5.062499999999999,-5.555,0.0
2011-12-04,-6.043333333333333,-5.249642857142857,-4.661011904761905,-4.209880952380952,-3.800535714285714,-4.262321428571428,-4.628214285714286,-4.611785714285714,-5.066071428571428,-5.507142857142857,0.0
2011-12-11,-6.356190476190475,-5.597857142857142,-4.978928571428571,-4.515535714285714,-4.039464285714286,-4.395952380952381,-4.7212499999999995,-4.679583333333333,-5.1,-5.498749999999999,0.0
2011-12-18,-6.523571428571429,-5.768511904761905,-5.197202380952381,-4.786369047619048,-4.292619047619048,-4.547142857142857,-4.831428571428571,-4.762142857142857,-5.118571428571429,-5.472083333333333,0.0
2011-12-25,-6.5390476190476186,-5.8774999999999995,-5.3793452380952385,-5.019761904761904,-4.5408928571428575,-4.696130952380952,-4.936249999999999,-4.833928571428571,-5.133214285714286,-5.4425,0.0
2012-01-01,-6.8931547619047615,-6.118392857142856,-5.583035714285714,-5.222380952380952,-4.771488095238095,-4.851428571428571,-5.0460714285714285,-4.910714285714286,-5.178928571428571,-5.432083333333333,0.0
2012-01-08,-7.8028571428571425,-6.8844642857142855,-6.1151785714285705,-5.560059523809524,-4.979285714285714,-5.000119047619047,-5.151428571428571,-5.006785714285714,-5.215416666666666,-5.431666666666667,0.0
2012-01-15,-7.245535714285714,-6.608214285714286,-6.119642857142857,-5.749404761904762,-5.195595238095239,-5.140595238095238,-5.2646428571428565,-5.085,-5.253928571428571,-5.4325,0.0
2012-01-22,-6.985,-6.536369047619047,-6.159642857142857,-5.885357142857143,-5.395833333333333,-5.297440476190476,-5.3689285714285715,-5.165416666666666,-5.305,-5.4325,0.0
2012-01-29,-7.110357142857143,-6.587023809523809,-6.208035714285715,-5.957559523809524,-5.559285714285714,-5.431726190476191,-5.47422619047619,-5.263095238095238,-5.347142857142857,-5.444166666666667,0.0
2012-02-05,-6.516071428571429,-6.4019642857142856,-6.2352380952380955,-6.051785714285714,-5.671726190476191,-5.542857142857143,-5.571428571428571,-5.338571428571429,-5.3932142857142855,-5.470000000000001,0.0
2012-02-12,-6.29577380952381,-6.1656547619047615,-6.083214285714286,-6.000297619047619,-5.76422619047619,-5.639285714285714,-5.6499999999999995,-5.409642857142857,-5.43875,-5.497083333333333,0.0
2012-02-19,-7.688750000000001,-6.844583333333333,-6.319404761904762,-6.064166666666667,-5.81,-5.7091666666666665,-5.71375,-5.480833333333333,-5.499345238095238,-5.5007142857142854,0.0
2012-02-26,-7.97547619047619,-7.255773809523809,-6.685416666666666,-6.309464285714286,-5.8742857142857146,-5.764642857142857,-5.774285714285714,-5.535357142857142,-5.548214285714285,-5.523214285714285,0.0
2012-03-04,-8.151607142857143,-7.40279761904762,-6.858214285714286,-6.483035714285713,-5.99125,-5.835357142857142,-5.829642857142857,-5.583214285714286,-5.576785714285714,-5.553571428571428,0.0
2012-03-11,-7.897738095238095,-7.3861309523809515,-6.954345238095238,-6.627142857142856,-6.119642857142857,-5.91952380952381,-5.8999999999999995,-5.638928571428572,-5.620357142857143,-5.56,0.0
2012-03-18,-7.428690476190476,-7.086785714285714,-6.831785714285714,-6.631428571428571,-6.236547619047619,-6.024285714285714,-5.981190476190476,-5.708333333333333,-5.663571428571428,-5.573571428571428,0.0
2012-03-25,-7.531785714285713,-7.126785714285714,-6.8575,-6.663571428571428,-6.308571428571428,-6.101071428571428,-6.053928571428571,-5.782142857142857,-5.7020833333333325,-5.610357142857143,0.0
2012-04-01,-7.616071428571429,-7.200357142857143,-6.886785714285715,-6.684166666666667,-6.36,-6.163214285714286,-6.111071428571429,-5.838571428571429,-5.751011904761905,-5.620357142857143,0.0
2012-04-08,-7.987619047619048,-7.411488095238094,-7.0060119047619045,-6.762857142857143,-6.400714285714285,-6.217499999999999,-6.168214285714286,-5.901071428571429,-5.802142857142857,-5.642857142857143,0.0
2012-04-15,-8.603511904761904,-7.812738095238095,-7.239107142857144,-6.88952380952381,-6.464999999999999,-6.272857142857142,-6.217083333333333,-5.9520833333333325,-5.8342857142857145,-5.677499999999999,0.0
2012-04-22,-8.80857142857143,-8.050595238095237,-7.456488095238096,-7.066011904761904,-6.550357142857143,-6.327857142857143,-6.2675,-6.004940476190477,-5.87,-5.684166666666666,0.0
2012-04-29,-8.685833333333333,-8.034642857142856,-7.54,-7.1813690476190475,-6.6572619047619055,-6.398928571428572,-6.326785714285713,-6.056785714285714,-5.918928571428571,-5.724583333333333,0.0
2012-05-06,-8.22095238095238,-7.817738095238094,-7.485773809523809,-7.2475,-6.760773809523809,-6.4798809523809515,-6.3925,-6.109642857142857,-5.944583333333333,-5.75,0.0
2012-05-13,-7.743035714285714,-7.515238095238095,-7.3375,-7.185178571428571,-6.8167857142857144,-6.5528571428571425,-6.459166666666666,-6.162857142857142,-6.000654761904762,-5.7628571428571425,0.0
2012-05-20,-7.405595238095238,-7.274345238095238,-7.1847619047619045,-7.098928571428571,-6.831785714285714,-6.612142857142857,-6.511071428571428,-6.219583333333333,-6.042142857142856,-5.8028571428571425,0.0
2012-05-27,-7.1657142857142855,-7.099285714285715,-7.055714285714285,-7.0180952380952375,-6.8125,-6.622857142857144,-6.558571428571428,-6.260714285714285,-6.0725,-5.811071428571428,0.0
2012-06-03,-6.823333333333333,-6.856071428571428,-6.89797619047619,-6.903809523809524,-6.797857142857143,-6.626428571428572,-6.562857142857142,-6.305,-6.119285714285714,-5.848928571428571,0.0
2012-06-10,-6.311190476190476,-6.5336309523809515,-6.691607142857143,-6.777321428571428,-6.743630952380952,-6.621785714285714,-6.5775,-6.31,-6.142142857142856,-5.869285714285714,0.0
2012-06-17,-4.783214285714285,-5.67,-6.227202380952382,-6.532440476190477,-6.659821428571428,-6.618214285714286,-6.570357142857143,-6.314285714285714,-6.178928571428571,-5.886785714285715,0.0
2012-06-24,-0.7756547619047619,-0.8717857142857144,-1.40375,-4.7439285714285715,-6.48625,-6.559285714285714,-6.559642857142857,-6.312857142857142,-6.180833333333332,-5.926071428571428,0.0
2012-07-01,-0.27749999999999997,-0.2004166666666667,-0.96,-3.5170833333333333,-5.945535714285715,-6.392857142857143,-6.470297619047619,-6.29392857142857,-6.196666666666666,-5.930416666666666,0.0
2012-07-08,-0.27714285714285714,-0.21291666666666664,-1.0,-3.082559523809524,-5.380654761904761,-6.070714285714286,-6.26577380952381,-6.179464285714286,-6.1875,-5.944166666666667,0.0
2012-07-15,-0.27464285714285713,-0.26821428571428574,-1.000357142857143,-2.781904761904762,-4.946488095238095,-5.734821428571428,-6.009940476190476,-6.005238095238095,-6.165357142857142,-5.985833333333334,0.0
2012-07-22,-0.2760714285714286,-0.33464285714285713,-1.000357142857143,-2.5620833333333333,-4.600892857142857,-5.433035714285714,-5.765833333333333,-5.817380952380952,-6.0964285714285715,-5.995416666666666,0.0
2012-07-29,-0.27535714285714286,-0.39464285714285713,-1.0,-2.3992261904761905,-4.32345238095238,-5.175238095238095,-5.539642857142857,-5.630833333333333,-6.019404761904762,-5.985833333333334,0.0
2012-08-05,-0.2585119047619048,-0.43916666666666665,-0.9991666666666668,-2.2763690476190477,-4.092559523809523,-4.952142857142857,-5.341428571428572,-5.456309523809524,-5.910654761904762,-5.944583333333333,0.0
2012-08-12,1.4696932515337424,-0.4179166666666666,-0.9633928571428572,-2.166190476190476,-3.9023809523809527,-4.763214285714286,-5.163690476190476,-5.298095238095238,-5.824285714285715,-5.929285714285714,0.19465002241232449
2012-08-19,2.0522754491017965,-0.21092024539877302,-0.7888690476190476,-2.0542261904761907,-3.737678571428572,-4.598154761904762,-5.012499999999999,-5.1425,-5.7179761904761905,-5.892142857142857,0.2267010597104686
2012-08-26,-1.561964285714286,-1.6363095238095238,-1.5241071428571429,-2.0743452380952383,-3.5971428571428574,-4.4504166666666665,-4.870357142857143,-5.017380952380952,-5.621071428571429,-5.860714285714286,0.0
2012-09-02,0.029036144578313244,-1.0032298136645963,-1.4051190476190476,-2.178690476190476,-3.4648809523809527,-4.317857142857143,-4.738928571428572,-4.886785714285715,-5.530357142857143,-5.812142857142857,0.0070321374899685865
2012-09-09,0.2969512195121951,-0.4450943396226415,-0.8697619047619047,-1.9304166666666667,-3.365714285714286,-4.204880952380952,-4.632857142857143,-4.782142857142857,-5.438452380952381,-5.771071428571428,0.1000448071741092
2012-09-16,-1.0592215568862275,-0.8017261904761904,-1.1435714285714287,-1.9295238095238096,-3.282142857142857,-4.107857142857143,-4.5375,-4.6831547619047615,-5.352857142857142,-5.722916666666666,0.0
2012-09-23,-2.035903614457831,-1.1926190476190477,-1.2435119047619048,-1.8539880952380954,-3.1993452380952383,-4.018690476190476,-4.442202380952381,-4.591785714285714,-5.2785714285714285,-5.675,0.0
2012-09-30,-5.573035714285714,-3.3148809523809524,-2.763571428571429,-2.2608928571428573,-3.1171428571428574,-3.921845238095238,-4.353571428571429,-4.508154761904762,-5.200833333333334,-5.6242857142857146,0.0
2012-10-07,-5.804345238095238,-3.9675,-3.5071428571428576,-2.7664285714285715,-3.0639285714285713,-3.8507142857142855,-4.291785714285714,-4.426904761904761,-5.126428571428572,-5.580357142857143,0.0
2012-10-14,-4.87452380952381,-4.058630952380953,-3.7747023809523808,-3.134464285714286,-3.105714285714286,-3.817142857142857,-4.253928571428571,-4.371071428571429,-5.064285714285714,-5.533928571428571,0.0
2012-10-21,-4.593095238095238,-3.950714285714286,-3.768214285714286,-3.331785714285714,-3.2019047619047623,-3.8696428571428574,-4.291071428571429,-4.37,-5.009285714285714,-5.492083333333333,0.0
2012-10-28,-5.769523809523809,-4.45077380952381,-4.138214285714286,-3.5914285714285716,-3.3407142857142857,-3.938511904761905,-4.342499999999999,-4.376428571428572,-4.98375,-5.43220238095238,0.0
2012-11-04,-6.226964285714285,-5.14577380952381,-4.816964285714286,-4.079047619047619,-3.5251785714285715,-4.027797619047619,-4.407202380952381,-4.426428571428572,-4.9383333333333335,-5.401785714285714,0.0
2012-11-11,-5.797380952380952,-5.028869047619048,-4.815654761904762,-4.340833333333333,-3.767916666666667,-4.133988095238095,-4.500654761904762,-4.47375,-4.930416666666666,-5.3689285714285715,0.0
2012-11-18,-7.544940476190476,-6.042261904761905,-5.6120238095238095,-4.797797619047619,-4.052321428571428,-4.29047619047619,-4.604285714285714,-4.542857142857143,-4.935,-5.337857142857143,0.0
2012-11-25,-7.494523809523809,-6.392023809523809,-6.026309523809523,-5.274464285714286,-4.3583928571428565,-4.459642857142858,-4.726666666666667,-4.622142857142857,-4.982083333333334,-5.311428571428571,0.0
2012-12-02,-7.476190476190476,-6.588571428571428,-6.289940476190476,-5.634702380952381,-4.706785714285714,-4.656309523809524,-4.861428571428571,-4.715773809523809,-5.000357142857142,-5.309285714285714,0.0
2012-12-09,-7.357202380952381,-6.623214285714286,-6.381607142857142,-5.86422619047619,-5.037083333333333,-4.8774999999999995,-5.016071428571428,-4.831071428571429,-5.045,-5.307142857142857,0.0
2012-12-16,-7.1075,-6.603571428571428,-6.421488095238095,-6.029583333333333,-5.313869047619048,-5.092142857142857,-5.166369047619047,-4.944107142857143,-5.086785714285714,-5.3046428571428565,0.0
2012-12-23,-7.436011904761905,-6.743273809523809,-6.540059523809524,-6.142380952380953,-5.522440476190476,-5.282321428571429,-5.3064285714285715,-5.054285714285714,-5.139642857142857,-5.307142857142857,0.0
2012-12-30,-8.54922619047619,-7.290357142857142,-6.9557738095238095,-6.377083333333333,-5.684285714285714,-5.4347023809523805,-5.4278571428571425,-5.155892857142857,-5.2020833333333325,-5.309642857142857,0.0
2013-01-06,-8.25672619047619,-7.562083333333334,-7.311011904761905,-6.72327380952381,-5.873333333333333,-5.572857142857143,-5.541071428571429,-5.261726190476191,-5.2675,-5.310357142857143,0.0
2013-01-13,-7.5322023809523815,-7.189404761904761,-7.075714285714286,-6.754642857142857,-6.081071428571429,-5.725416666666667,-5.660416666666666,-5.3532142857142855,-5.323571428571428,-5.3225,0.0
2013-01-20,-7.845416666666667,-7.230654761904762,-7.074642857142857,-6.763214285714286,-6.2023809523809526,-5.8625,-5.779821428571428,-5.460119047619047,-5.384285714285714,-5.36,0.0
2013-01-27,-8.070595238095239,-7.432559523809524,-7.257619047619047,-6.8707142857142856,-6.286071428571428,-5.96547619047619,-5.871785714285714,-5.548571428571428,-5.4470833333333335,-5.370357142857143,0.0
2013-02-03,-8.521130952380952,-7.672023809523809,-7.44672619047619,-7.007321428571428,-6.382857142857143,-6.057857142857142,-5.956666666666667,-5.6328571428571435,-5.513214285714286,-5.4035714285714285,0.0
2013-02-10,-8.939583333333333,-8.037916666666666,-7.785357142857143,-7.240119047619047,-6.499940476190476,-6.149642857142856,-6.039285714285714,-5.711666666666666,-5.57,-5.429285714285714,0.0
2013-02-17,-8.36845238095238,-7.916488095238096,-7.773869047619048,-7.37,-6.647380952380952,-6.256547619047619,-6.1292857142857144,-5.788928571428571,-5.626428571428572,-5.449999999999999,0.0
2013-02-24,-8.430654761904762,-7.831369047619048,-7.683809523809523,-7.357142857142857,-6.764047619047618,-6.360714285714285,-6.221190476190476,-5.865714285714286,-5.680535714285714,-5.4991666666666665,0.0
2013-03-03,-9.801011904761904,-8.50220238095238,-8.173392857142856,-7.5675,-6.839999999999999,-6.455059523809524,-6.310357142857142,-5.955416666666666,-5.749940476190476,-5.521071428571428,0.0
2013-03-10,-10.775,-9.261428571428572,-8.849226190476191,-8.018095238095238,-7.001369047619048,-6.549999999999999,-6.393928571428572,-6.031785714285713,-5.808928571428571,-5.5582142857142856,0.0
2013-03-17,-11.434999999999999,-9.893511904761905,-9.450238095238095,-8.511666666666667,-7.261785714285715,-6.687619047619047,-6.498630952380952,-6.113928571428572,-5.864642857142857,-5.588214285714285,0.0
2013-03-24,-11.00815476190476,-9.970476190476191,-9.644642857142857,-8.854642857142856,-7.579880952380953,-6.8793452380952385,-6.636011904761904,-6.222738095238095,-5.923809523809523,-5.621071428571429,0.0
2013-03-31,-10.755892857142857,-9.885,-9.62142857142857,-8.968511904761906,-7.832083333333333,-7.089999999999999,-6.80202380952381,-6.347857142857143,-5.999345238095238,-5.659285714285714,0.0
2013-04-07,-10.713571428571427,-9.86892857142857,-9.624999999999998,-9.043214285714285,-8.00345238095238,-7.274404761904761,-6.952559523809524,-6.481130952380952,-6.078571428571428,-5.693333333333333,0.0
2013-04-14,-10.937857142857142,-9.960714285714285,-9.70595238095238,-9.114642857142858,-8.122499999999999,-7.41892857142857,-7.091785714285715,-6.6025,-6.1571428571428575,-5.746190476190476,0.0
2013-04-21,-11.151964285714286,-10.169464285714286,-9.900714285714285,-9.265297619047619,-8.24,-7.543571428571428,-7.20952380952381,-6.718214285714287,-6.254642857142857,-5.792857142857143,0.0
2013-04-28,-10.43702380952381,-9.9925,-9.832857142857142,-9.345357142857143,-8.369285714285715,-7.659107142857143,-7.326071428571429,-6.8307142857142855,-6.336071428571429,-5.83,0.0
2013-05-05,-9.332619047619048,-9.284464285714286,-9.271904761904763,-9.07922619047619,-8.424999999999999,-7.778690476190476,-7.426726190476191,-6.928630952380952,-6.410952380952381,-5.877857142857143,0.0
2013-05-12,-9.012797619047618,-8.936130952380953,-8.928333333333333,-8.802559523809524,-8.3475,-7.811428571428571,-7.515654761904761,-7.027440476190476,-6.5026190476190475,-5.930059523809524,0.0
2013-05-19,-8.553690476190477,-8.587083333333332,-8.613988095238096,-8.568511904761905,-8.241964285714285,-7.810714285714286,-7.559642857142857,-7.089285714285714,-6.578214285714285,-5.9875,0.0
2013-05-26,-7.923988095238095,-8.140892857142857,-8.230773809523809,-8.297559523809523,-8.117857142857142,-7.787142857142857,-7.56,-7.12,-6.640714285714286,-6.039999999999999,0.0
2013-06-02,-6.6293452380952385,-7.2942857142857145,-7.622619047619047,-7.937380952380953,-7.96077380952381,-7.7275,-7.559642857142857,-7.141071428571429,-6.69,-6.0874999999999995,0.0
2013-06-09,-0.3489285714285714,-1.5516666666666667,-3.2392857142857148,-6.032321428571429,-7.6623214285714285,-7.6310714285714285,-7.510297619047619,-7.132857142857143,-6.745833333333333,-6.128928571428572,0.0
2013-06-16,-1.4392857142857143,-2.1080952380952382,-2.8792857142857144,-4.740119047619048,-6.919761904761905,-7.382202380952381,-7.385714285714285,-7.099285714285715,-6.7560714285714285,-6.177142857142857,0.0
2013-06-23,-1.3257738095238096,-2.0065476190476192,-2.816845238095238,-4.405654761904762,-6.265535714285714,-6.968988095238095,-7.135773809523809,-6.966666666666667,-6.758571428571429,-6.219166666666666,0.0
2013-06-30,-0.535357142857143,-1.1300000000000001,-1.9492261904761907,-3.7490476190476194,-5.810059523809524,-6.603928571428572,-6.858095238095238,-6.780952380952381,-6.737500000000001,-6.2507142857142854,0.0
2013-07-07,2.4939880952380955,-0.6954761904761905,-1.571607142857143,-3.3189880952380952,-5.386904761904762,-6.26547619047619,-6.585059523809524,-6.582440476190476,-6.6585714285714275,-6.2664285714285715,0.19548644159528208
2013-07-14,5.226407185628743,0.798125,-0.9794047619047619,-2.85875,-5.018571428571429,-5.949166666666666,-6.32047619047619,-6.372559523809524,-6.5807142857142855,-6.275714285714285,0.3622519882796149
2013-07-21,5.975808383233534,2.662754491017964,-0.6429761904761906,-2.515297619047619,-4.689464285714285,-5.661607142857143,-6.067797619047619,-6.161309523809523,-6.473690476190476,-6.265,0.45137412478308936
2013-07-28,4.551736526946108,2.3680952380952385,-0.39898809523809525,-2.228928571428572,-4.382559523809523,-5.394047619047619,-5.829940476190476,-5.9661309523809525,-6.362142857142857,-6.253214285714286,0.46395228773635644
2013-08-04,7.793333333333333,5.418214285714286,0.2779746835443038,-2.006607142857143,-4.121130952380953,-5.1431547619047615,-5.598988095238095,-5.771071428571428,-6.245892857142857,-6.234583333333334,0.5608371038261639
2013-08-11,2.8376190476190475,1.868383233532934,0.26963855421686744,-1.8607142857142858,-3.89875,-4.924821428571429,-5.393452380952381,-5.588214285714285,-6.126428571428572,-6.183333333333333,0.5632849519485188
2013-08-18,3.5431325301204817,2.4435757575757577,1.0654819277108434,-1.786309523809524,-3.7049404761904765,-4.723214285714286,-5.20172619047619,-5.413392857142857,-6.0075,-6.147857142857142,0.6868092295358424
2013-08-25,5.194131736526946,3.4166467065868265,1.4492814371257485,-1.6297023809523812,-3.5256547619047622,-4.543095238095238,-5.026488095238095,-5.247797619047619,-5.884285714285714,-6.095714285714285,0.7353506096096301
2013-09-01,2.3375301204819277,1.7828048780487804,1.0237804878048782,-1.5273809523809525,-3.364642857142857,-4.375357142857142,-4.864642857142857,-5.099285714285714,-5.77625,-6.048928571428571,0.7006498827707086
2013-09-08,0.753416149068323,-0.08043750000000001,-0.1374375,-1.429506172839506,-3.210493827160494,-4.225679012345679,-4.7195679012345675,-4.958456790123456,-5.654753086419753,-5.984753086419753,0.22588380764122276
2013-09-15,-1.2422619047619048,-0.9969461077844312,-0.35970238095238094,-1.3625,-3.0625,-4.081785714285714,-4.58,-4.835357142857142,-5.545,-5.92,0.0
2013-09-22,1.4244848484848485,-0.11381818181818182,-0.2511515151515151,-1.3117857142857143,-2.9264285714285716,-3.9452976190476194,-4.4522619047619045,-4.714107142857143,-5.438928571428572,-5.860714285714286,0.23150263966590498
2013-09-29,-4.582916666666667,-4.414880952380953,-2.79875,-1.3871428571428572,-2.817142857142857,-3.833214285714286,-4.338214285714285,-4.602857142857142,-5.338571428571429,-5.802499999999999,0.0
2013-10-06,-2.336319018404908,-1.1810714285714288,-1.1844047619047617,-1.5371428571428571,-2.7179166666666665,-3.7174404761904762,-4.231130952380952,-4.512142857142857,-5.249821428571429,-5.742380952380953,0.0
2013-10-13,-3.8405357142857146,-2.430416666666667,-1.877797619047619,-1.6415476190476193,-2.6532142857142857,-3.6350000000000002,-4.144285714285714,-4.4075,-5.152142857142857,-5.673392857142857,0.0
2013-10-20,-5.6525,-3.675595238095238,-2.6626785714285712,-1.9457142857142857,-2.62,-3.5664285714285713,-4.0753571428571425,-4.336428571428572,-5.0789285714285715,-5.6175,0.0
2013-10-27,-6.048690476190476,-4.317202380952381,-3.2782738095238093,-2.337142857142857,-2.6235714285714287,-3.5403571428571428,-4.038571428571428,-4.276785714285714,-4.999761904761905,-5.556785714285714,0.0
2013-11-03,-5.945119047619047,-4.498571428571428,-3.564404761904762,-2.6748214285714287,-2.687261904761905,-3.5535714285714284,-4.033571428571428,-4.25,-4.927619047619047,-5.5027976190476195,0.0
2013-11-10,-7.466904761904762,-5.751785714285714,-4.43547619047619,-3.119880952380952,-2.7935714285714286,-3.603928571428572,-4.0771428571428565,-4.2507142857142854,-4.875357142857143,-5.442083333333334,0.0
2013-11-17,-7.91892857142857,-6.40625,-5.11422619047619,-3.7140476190476193,-2.947202380952381,-3.68922619047619,-4.1536309523809525,-4.295714285714285,-4.863214285714285,-5.3967857142857145,0.0
2013-11-24,-7.707261904761904,-6.5175,-5.4158333333333335,-4.206488095238095,-3.1982738095238097,-3.8071428571428574,-4.264047619047619,-4.353571428571429,-4.845714285714285,-5.3549999999999995,0.0
2013-12-01,-8.120535714285714,-6.736666666666666,-5.667142857142856,-4.6137500000000005,-3.5670238095238096,-3.9804166666666667,-4.395595238095238,-4.448571428571428,-4.861071428571428,-5.310714285714285,0.0
2013-12-08,-10.788869047619048,-8.617261904761905,-6.949285714285715,-5.3082142857142856,-3.9949999999999997,-4.1936309523809525,-4.5575,-4.553928571428571,-4.871785714285714,-5.303928571428571,0.0
2013-12-15,-10.795416666666666,-8.989761904761904,-7.481369047619047,-5.991666666666667,-4.474583333333333,-4.436190476190476,-4.722738095238095,-4.6691666666666665,-4.917142857142856,-5.266785714285714,0.0
2013-12-22,-7.998869047619047,-7.567857142857143,-6.990059523809523,-6.267440476190477,-4.99952380952381,-4.733988095238095,-4.914761904761905,-4.807857142857143,-4.959583333333333,-5.252142857142857,0.0
2013-12-29,-8.168869047619047,-7.3569047619047625,-6.783095238095238,-6.2507142857142854,-5.4036309523809525,-5.0564285714285715,-5.1343452380952375,-4.966547619047619,-5.026785714285714,-5.250357142857142,0.0
2014-01-05,-8.647321428571429,-7.760000000000001,-7.0634523809523815,-6.447142857142857,-5.652916666666666,-5.324642857142857,-5.326785714285714,-5.1225,-5.096428571428571,-5.253928571428571,0.0
2014-01-12,-8.94922619047619,-7.975,-7.224583333333333,-6.609107142857143,-5.853571428571429,-5.523511904761905,-5.489821428571428,-5.262023809523809,-5.176964285714286,-5.2725,0.0
2014-01-19,-8.417499999999999,-7.821309523809524,-7.268392857142857,-6.771011904761904,-6.037023809523809,-5.686488095238095,-5.621071428571429,-5.386071428571428,-5.267261904761905,-5.301071428571428,0.0
2014-01-26,-7.9609523809523814,-7.487738095238096,-7.120357142857143,-6.790357142857142,-6.175892857142857,-5.8342857142857145,-5.752916666666667,-5.500952380952381,-5.339285714285714,-5.311785714285714,0.0
2014-02-02,-7.7402976190476185,-7.27172619047619,-6.991011904761905,-6.748749999999999,-6.270654761904762,-5.961011904761905,-5.860714285714286,-5.600357142857143,-5.4075,-5.346071428571428,0.0
2014-02-09,-7.647261904761905,-7.2369047619047615,-6.978273809523809,-6.75,-6.313928571428572,-6.044285714285714,-5.955416666666666,-5.695595238095239,-5.488154761904762,-5.3707142857142856,0.0
2014-02-16,-7.081488095238096,-6.9190476190476184,-6.838869047619048,-6.689761904761904,-6.356071428571428,-6.110357142857143,-6.026071428571429,-5.776785714285714,-5.554285714285713,-5.41,0.0
2014-02-23,-6.804285714285713,-6.6586309523809515,-6.647261904761905,-6.5839285714285705,-6.360357142857143,-6.157857142857143,-6.0825000000000005,-5.833571428571428,-5.614285714285715,-5.432083333333333,0.0
2014-03-02,-7.055833333333332,-6.775892857142857,-6.654999999999999,-6.553928571428571,-6.318928571428571,-6.180416666666666,-6.12,-5.880357142857143,-5.670714285714285,-5.483333333333333,0.0
2014-03-09,-7.487380952380952,-7.032321428571429,-6.774404761904761,-6.570714285714285,-6.311428571428571,-6.182916666666666,-6.1553571428571425,-5.928214285714286,-5.7225,-5.5060119047619045,0.0
2014-03-16,-7.3342857142857145,-7.003154761904762,-6.81,-6.62,-6.3428571428571425,-6.212083333333332,-6.18,-5.954166666666667,-5.758571428571428,-5.555357142857143,0.0
2014-03-23,-7.8307142857142855,-7.268452380952381,-6.932083333333333,-6.65797619047619,-6.37,-6.248333333333333,-6.200416666666667,-5.999583333333333,-5.8082142857142856,-5.565714285714286,0.0
2014-03-30,-8.51095238095238,-7.76625,-7.244345238095238,-6.819642857142857,-6.415059523809524,-6.2732142857142845,-6.247916666666667,-6.0275,-5.836428571428572,-5.608214285714285,0.0
2014-04-06,-8.728214285714285,-7.9715476190476195,-7.4375,-6.986607142857143,-6.505297619047618,-6.320357142857143,-6.282500000000001,-6.060714285714285,-5.87,-5.6257142857142854,0.0
2014-04-13,-9.235416666666666,-8.339345238095238,-7.665357142857142,-7.149285714285714,-6.599285714285715,-6.384642857142857,-6.328571428571429,-6.1035714285714295,-5.9035714285714285,-5.660357142857142,0.0
2014-04-20,-9.0825,-8.345,-7.790357142857142,-7.300714285714285,-6.715595238095238,-6.456249999999999,-6.388571428571429,-6.144642857142857,-5.930833333333333,-5.680833333333333,0.0
2014-04-27,-8.945416666666667,-8.295,-7.805357142857143,-7.372857142857144,-6.824999999999999,-6.541071428571428,-6.453333333333332,-6.202083333333333,-5.980833333333333,-5.70375,0.0
2014-05-04,-8.815357142857144,-8.234166666666667,-7.803214285714286,-7.423571428571428,-6.906071428571429,-6.6175,-6.526071428571428,-6.263571428571429,-6.014285714285714,-5.74827380952381,0.0
2014-05-11,-8.602619047619047,-8.12452380952381,-7.753809523809523,-7.43125,-6.970416666666667,-6.683571428571428,-6.586071428571429,-6.3175,-6.059642857142857,-5.7560714285714285,0.0
2014-05-18,-7.840892857142857,-7.6625,-7.5581547619047615,-7.381785714285714,-7.0075,-6.75047619047619,-6.64,-6.369642857142857,-6.102857142857142,-5.8028571428571425,0.0
2014-05-25,-7.405059523809523,-7.328154761904761,-7.338214285714285,-7.260178571428572,-7.002142857142856,-6.7957142857142845,-6.680178571428572,-6.419642857142857,-6.133928571428571,-5.811785714285714,0.0
2014-06-01,-6.976190476190476,-7.019226190476191,-7.133214285714285,-7.1225,-6.961666666666666,-6.809642857142857,-6.717916666666666,-6.444583333333334,-6.178928571428571,-5.851785714285715,0.0
2014-06-08,-6.160714285714286,-6.491785714285713,-6.829583333333333,-6.939345238095238,-6.895357142857144,-6.800714285714285,-6.746666666666667,-6.4975,-6.21875,-5.87,0.0
2014-06-15,-4.125,-4.87047619047619,-5.645178571428572,-6.257142857142857,-6.756964285714286,-6.753333333333333,-6.735,-6.5,-6.25,-5.896071428571428,0.0
2014-06-22,-4.344166666666666,-4.898214285714285,-5.574583333333333,-6.002440476190476,-6.503273809523809,-6.654880952380952,-6.674642857142857,-6.494583333333333,-6.265714285714285,-5.9278571428571425,0.0
2014-06-29,-2.4321428571428574,-2.6735714285714285,-3.0053571428571426,-5.144226190476191,-6.258928571428571,-6.509523809523809,-6.587142857142856,-6.434345238095238,-6.290357142857142,-5.935416666666667,0.0
2014-07-06,-0.28285714285714286,-0.1707142857142857,-0.6017857142857144,-3.3755952380952383,-5.846130952380952,-6.3359523809523814,-6.467440476190476,-6.358928571428571,-6.269642857142857,-5.975416666666667,0.0
2014-07-13,-0.26321428571428573,-0.17250000000000001,-0.7070833333333334,-2.869285714285714,-5.270119047619048,-6.043809523809524,-6.277619047619047,-6.249880952380953,-6.250357142857142,-5.996666666666667,0.0
2014-07-20,1.4268292682926829,0.3552095808383234,-0.7474999999999999,-2.57125,-4.801071428571428,-5.705059523809523,-6.016130952380952,-6.078154761904762,-6.20125,-6.0,0.33053108157641087
2014-07-27,6.036369047619048,3.040714285714286,-0.5145238095238095,-2.3151785714285715,-4.441130952380952,-5.393511904761905,-5.770059523809524,-5.88297619047619,-6.128928571428572,-6.0,0.4638193142244843
2014-08-03,3.5677710843373496,1.7035329341317367,-0.44011904761904763,-2.092857142857143,-4.161904761904761,-5.13,-5.5408333333333335,-5.697797619047619,-6.039642857142857,-5.998333333333333,0.4486718166747863
2014-08-10,6.6797619047619055,3.55,-0.17377358490566036,-1.9105952380952382,-3.918154761904762,-4.900595238095238,-5.333928571428571,-5.5175,-5.935059523809524,-5.9575000000000005,0.48833350222942845
2014-08-17,4.949634146341463,2.628562874251497,-0.04845070422535211,-1.7421428571428572,-3.7080952380952383,-4.6987499999999995,-5.142202380952381,-5.351428571428571,-5.835357142857142,-5.930833333333333,0.49547530272026863
2014-08-24,4.589821428571429,2.0935329341317366,-0.14503311258278145,-1.645357142857143,-3.526130952380952,-4.514285714285714,-4.970535714285714,-5.192857142857143,-5.7299999999999995,-5.895714285714286,0.48380289998639503
2014-08-31,0.5323493975903614,-0.4647904191616767,-0.8674404761904762,-1.6214285714285717,-3.365714285714286,-4.350714285714285,-4.813928571428572,-5.0528571428571425,-5.626785714285714,-5.861428571428571,0.1334690954685702
2014-09-07,-2.1894642857142856,-2.5208333333333335,-1.8769642857142856,-1.856845238095238,-3.2236904761904763,-4.199642857142857,-4.6675595238095235,-4.910357142857142,-5.5302380952380945,-5.813571428571429,0.0
2014-09-14,-3.2347904191616768,-2.5894011976047904,-1.5249404761904761,-1.8460714285714286,-3.102142857142857,-4.070357142857143,-4.54172619047619,-4.787797619047619,-5.420119047619047,-5.767142857142857,0.0
2014-09-21,-5.352797619047619,-3.8294610778443112,-2.0125,-1.8535714285714284,-3.0182142857142855,-3.9539285714285715,-4.419761904761905,-4.671726190476191,-5.333928571428571,-5.7091666666666665,0.0
2014-09-28,-4.3351327433628315,-3.7915044247787613,-2.92070796460177,-2.3598230088495575,-2.9516814159292037,-3.87212389380531,-4.341858407079646,-4.585486725663716,-5.260088495575221,-5.668849557522123,0.0
2014-10-05,-3.591307189542484,-3.019346405228758,-2.833464052287582,-2.579934640522876,-2.93,-3.7794117647058822,-4.259803921568627,-4.459281045751634,-5.1337254901960785,-5.581895424836601,0.0
2014-10-12,-3.501964285714286,-2.5780357142857144,-2.494702380952381,-2.5117857142857143,-2.965,-3.7503571428571427,-4.239583333333333,-4.416785714285714,-5.066071428571428,-5.539642857142857,0.0
2014-10-19,-6.148571428571429,-4.11577380952381,-3.3324404761904765,-2.854047619047619,-3.0360714285714288,-3.7575,-4.2370833333333335,-4.374642857142858,-5.0060714285714285,-5.489166666666667,0.0
2014-10-26,-5.2213690476190475,-4.252321428571428,-3.7237500000000003,-3.218035714285714,-3.125357142857143,-3.801428571428571,-4.24952380952381,-4.370357142857143,-4.949999999999999,-5.431785714285714,0.0
2014-11-02,-4.4105952380952385,-3.845952380952381,-3.641488095238095,-3.390595238095238,-3.2733928571428574,-3.8510714285714287,-4.288928571428571,-4.386428571428572,-4.9278571428571425,-5.384285714285714,0.0
2014-11-09,-5.9764880952380945,-4.6975,-4.136130952380952,-3.691726190476191,-3.4627380952380955,-3.9482738095238097,-4.3525,-4.429345238095238,-4.9035714285714285,-5.351428571428571,0.0
2014-11-16,-6.568690476190476,-5.249345238095238,-4.612976190476191,-4.068214285714286,-3.670654761904762,-4.060357142857143,-4.431547619047619,-4.482916666666666,-4.888214285714286,-5.311428571428571,0.0
2014-11-23,-6.593690476190476,-5.521904761904762,-4.949940476190476,-4.428452380952381,-3.91,-4.1847619047619045,-4.5249404761904755,-4.537857142857143,-4.895357142857143,-5.301785714285714,0.0
2014-11-30,-5.824404761904762,-5.296309523809524,-5.013392857142857,-4.665416666666666,-4.173809523809523,-4.331428571428571,-4.6207142857142856,-4.600357142857143,-4.923571428571428,-5.255357142857143,0.0
2014-12-07,-6.156428571428571,-5.390833333333333,-5.086547619047619,-4.8082142857142856,-4.415119047619048,-4.492738095238095,-4.734226190476191,-4.678095238095238,-4.930059523809524,-5.25,0.0
2014-12-14,-7.054583333333333,-5.989940476190476,-5.466785714285714,-5.050535714285714,-4.609285714285714,-4.640416666666667,-4.838214285714285,-4.765476190476191,-4.966666666666667,-5.247916666666667,0.0
2014-12-21,-7.049285714285714,-6.165357142857142,-5.708511904761904,-5.297440476190476,-4.797380952380952,-4.782142857142857,-4.933690476190476,-4.835714285714285,-5.001071428571429,-5.244166666666667,0.0
2014-12-28,-7.857559523809523,-6.583392857142857,-5.990714285714286,-5.522083333333333,-4.9869642857142855,-4.914583333333333,-5.033928571428571,-4.906845238095238,-5.045357142857143,-5.240833333333334,0.0
2015-01-04,-8.783214285714285,-7.313988095238095,-6.521190476190476,-5.889285714285714,-5.180952380952381,-5.052142857142857,-5.133928571428571,-4.993214285714286,-5.069642857142857,-5.24375,0.0
2015-01-11,-7.8307738095238095,-7.024464285714285,-6.5649999999999995,-6.117142857142857,-5.411428571428571,-5.1935714285714285,-5.2436904761904755,-5.0775,-5.119285714285714,-5.247916666666667,0.0
2015-01-18,-7.582142857142857,-6.86845238095238,-6.525,-6.18672619047619,-5.6125,-5.355357142857143,-5.3585714285714285,-5.162916666666667,-5.163214285714285,-5.25,0.0
2015-01-25,-8.391607142857143,-7.353392857142857,-6.804107142857142,-6.3514880952380945,-5.754047619047618,-5.4975,-5.473809523809524,-5.268869047619047,-5.21625,-5.252857142857143,0.0
2015-02-01,-8.06375,-7.248928571428571,-6.857083333333334,-6.491130952380952,-5.8913690476190474,-5.6171428571428565,-5.580357142857143,-5.3475,-5.274285714285714,-5.269285714285714,0.0
2015-02-08,-9.75904761904762,-8.223273809523809,-7.392023809523809,-6.746130952380952,-6.0337499999999995,-5.736309523809523,-5.674821428571429,-5.438869047619048,-5.3307142857142855,-5.3075,0.0
2015-02-15,-10.68797619047619,-8.844523809523809,-7.873095238095239,-7.124940476190476,-6.2160714285714285,-5.856428571428571,-5.779880952380952,-5.5284523809523805,-5.388571428571429,-5.31,0.0
2015-02-22,-10.837797619047619,-9.298333333333334,-8.353928571428572,-7.542559523809524,-6.465238095238096,-6.005,-5.889404761904761,-5.613571428571428,-5.439583333333333,-5.339642857142857,0.0
2015-03-01,-11.243928571428572,-9.495059523809525,-8.53702380952381,-7.789642857142858,-6.73595238095238,-6.187916666666666,-6.03077380952381,-5.719642857142857,-5.510595238095238,-5.368214285714286,0.0
2015-03-08,-10.704345238095238,-9.472619047619046,-8.72625,-8.050476190476191,-6.9713690476190475,-6.372797619047619,-6.176607142857144,-5.84,-5.574999999999999,-5.388571428571429,0.0
2015-03-15,-9.499821428571428,-8.866488095238095,-8.479523809523808,-8.04642857142857,-7.171369047619048,-6.558928571428572,-6.322500000000001,-5.96047619047619,-5.647142857142858,-5.427142857142857,0.0
2015-03-22,-9.086488095238096,-8.522678571428571,-8.231190476190475,-7.9122619047619045,-7.251071428571429,-6.70470238095238,-6.456190476190476,-6.0874999999999995,-5.72375,-5.455833333333333,0.0
2015-03-29,-9.99095238095238,-8.934642857142856,-8.376726190476191,-7.929464285714286,-7.273928571428572,-6.796785714285714,-6.560357142857142,-6.185059523809524,-5.810357142857143,-5.5024999999999995,0.0
2015-04-05,-9.688928571428571,-8.911428571428571,-8.481964285714286,-8.056785714285715,-7.3428571428571425,-6.862500000000001,-6.64,-6.276071428571428,-5.8878571428571425,-5.55,0.0
2015-04-12,-9.583392857142858,-8.865714285714287,-8.478333333333333,-8.084285714285715,-7.416071428571428,-6.942619047619047,-6.717916666666666,-6.348571428571428,-5.956666666666667,-5.5807142857142855,0.0
2015-04-19,-8.848273809523809,-8.51392857142857,-8.313511904761905,-8.046785714285715,-7.474583333333333,-7.0225,-6.793214285714286,-6.424107142857143,-6.033928571428571,-5.623214285714286,0.0
2015-04-26,-8.23875,-8.05904761904762,-8.008869047619047,-7.881845238095237,-7.4775,-7.071785714285714,-6.86,-6.499880952380953,-6.093928571428571,-5.673571428571428,0.0
2015-05-03,-8.750773809523809,-8.21297619047619,-7.978273809523809,-7.779999999999999,-7.420714285714286,-7.105357142857143,-6.909642857142857,-6.5564285714285715,-6.156428571428571,-5.715833333333333,0.0
2015-05-10,-9.033869047619048,-8.426964285714286,-8.105714285714285,-7.8339285714285705,-7.401785714285714,-7.114999999999999,-6.93,-6.599642857142857,-6.215833333333333,-5.761428571428572,0.0
2015-05-17,-8.51392857142857,-8.185714285714287,-8.025833333333333,-7.826071428571429,-7.429285714285713,-7.12,-6.954583333333333,-6.625714285714286,-6.261785714285715,-5.8075,0.0
2015-05-24,-7.683690476190476,-7.743809523809524,-7.793214285714286,-7.710238095238095,-7.420714285714286,-7.134642857142857,-6.998749999999999,-6.674999999999999,-6.31,-5.8475,0.0
2015-05-31,-6.851011904761905,-7.147261904761905,-7.393809523809525,-7.460833333333333,-7.349642857142857,-7.139642857142857,-7.0,-6.682499999999999,-6.352142857142858,-5.876785714285714,0.0
2015-06-07,-6.300059523809525,-6.706607142857143,-7.033095238095238,-7.187916666666666,-7.229761904761904,-7.114285714285715,-7.0,-6.707916666666667,-6.375357142857142,-5.921785714285714,0.0
2015-06-14,-5.769583333333333,-6.285357142857143,-6.686190476190476,-6.916190476190477,-7.078214285714285,-7.0475,-6.98375,-6.71125,-6.4225,-5.949583333333333,0.0
2015-06-21,-4.911845238095237,-5.267261904761905,-5.836845238095238,-6.558809523809523,-6.913333333333334,-6.965476190476191,-6.927916666666666,-6.682916666666666,-6.43,-5.995833333333333,0.0
2015-06-28,-0.7663690476190477,-1.307559523809524,-2.661369047619048,-4.994285714285714,-6.630059523809523,-6.855357142857143,-6.861071428571429,-6.663928571428571,-6.43,-6.011428571428572,0.0
2015-07-05,-0.48607142857142854,-1.085357142857143,-2.3151785714285715,-4.113869047619048,-6.070119047619047,-6.637797619047619,-6.740416666666666,-6.5964285714285715,-6.43,-6.054285714285713,0.0
2015-07-12,-0.2532142857142857,-0.17107142857142857,-0.9539285714285716,-3.2609523809523813,-5.538571428571428,-6.313035714285713,-6.5234523809523814,-6.471904761904762,-6.428571428571429,-6.060357142857143,0.0
2015-07-19,-0.25,-0.2219047619047619,-0.9904166666666667,-2.835952380952381,-5.062559523809524,-5.973630952380952,-6.270059523809524,-6.296964285714285,-6.3775,-6.0632142857142854,0.0
2015-07-26,-0.25,-0.3175,-1.000357142857143,-2.587142857142857,-4.670059523809523,-5.649642857142857,-6.003869047619047,-6.098571428571428,-6.302142857142857,-6.073571428571428,0.0
2015-08-02,5.8976047904191615,0.5480239520958083,-0.9188095238095239,-2.3916666666666666,-4.356011904761904,-5.36,-5.754107142857142,-5.891130952380952,-6.206249999999999,-6.0632142857142854,0.34340255064699265
2015-08-09,8.095595238095237,3.7622023809523806,-0.4922619047619048,-2.145178571428571,-4.11077380952381,-5.115178571428571,-5.528690476190476,-5.699047619047619,-6.100714285714286,-6.059642857142857,0.4710738020286813
2015-08-16,8.51,5.082380952380952,-0.07266666666666667,-1.9127380952380955,-3.8935714285714287,-4.902321428571429,-5.3342857142857145,-5.522857142857142,-5.989642857142857,-6.032857142857143,0.4964759459060006
2015-08-23,4.115868263473054,2.469761904761905,0.3279375,-1.7088690476190476,-3.6814880952380955,-4.710357142857143,-5.148452380952381,-5.362142857142857,-5.8825,-6.000654761904762,0.5805028588462039
2015-08-30,0.7668292682926828,0.5265868263473054,-0.0711764705882353,-1.5803571428571428,-3.501904761904762,-4.526309523809523,-4.978571428571429,-5.199226190476191,-5.777083333333333,-5.9475,0.4702321675849268
2015-09-06,-3.559741935483871,-2.4570967741935483,-1.7405161290322582,-1.7049677419354838,-3.3506451612903225,-4.364967741935484,-4.822,-5.063096774193548,-5.667225806451612,-5.911806451612903,0.0
